House_ID,Location,Roof_Area(sqm),Rainfall_mm,Water_Collected_Liters,Water_Used_Liters,Water_Wasted_Liters,Storage_Tank_Capacity_Liters,Overflow_Incident,Usage_Purpose,Date
1,গ্রাম-1,51,8.76,402.22,386.08,16.13,1199,না,অন্যান্য,2025-06-01
1,গ্রাম-4,51,15.68,719.87,207.71,512.16,1199,না,কৃষি,2025-06-02
1,গ্রাম-4,51,30.78,1199.0,117.61,1081.39,1199,না,অন্যান্য,2025-06-03
1,গ্রাম-5,51,41.61,1199.0,421.31,777.69,1199,না,অন্যান্য,2025-06-04
1,গ্রাম-3,51,24.37,1118.76,208.08,910.67,1199,না,অন্যান্য,2025-06-05
1,গ্রাম-4,51,25.81,1184.72,153.4,1031.32,1199,না,স্যানিটেশন,2025-06-06
1,গ্রাম-1,51,44.95,1199.0,204.63,994.37,1199,না,কৃষি,2025-06-07
1,গ্রাম-1,51,37.61,1199.0,231.61,967.39,1199,না,কৃষি,2025-06-08
1,গ্রাম-5,51,39.29,1199.0,194.16,1004.84,1199,না,স্যানিটেশন,2025-06-09
1,গ্রাম-3,51,16.6,761.8,246.83,514.97,1199,না,কৃষি,2025-06-10
1,গ্রাম-5,51,27.94,1199.0,214.39,984.61,1199,না,রান্না,2025-06-11
1,গ্রাম-1,51,17.04,782.07,130.33,651.74,1199,না,কৃষি,2025-06-12
1,গ্রাম-3,51,26.15,1199.0,123.05,1075.95,1199,না,রান্না,2025-06-13
1,গ্রাম-3,51,41.58,1199.0,403.63,795.37,1199,না,কৃষি,2025-06-14
1,গ্রাম-2,51,16.49,756.84,160.91,595.92,1199,না,কৃষি,2025-06-15
1,গ্রাম-4,51,0.63,28.85,36.78,0.0,1199,না,স্যানিটেশন,2025-06-16
1,গ্রাম-1,51,34.47,1199.0,219.07,979.93,1199,না,স্যানিটেশন,2025-06-17
1,গ্রাম-1,51,47.69,1199.0,362.03,836.97,1199,না,স্যানিটেশন,2025-06-18
1,গ্রাম-5,51,5.56,255.26,108.5,146.76,1199,না,স্যানিটেশন,2025-06-19
1,গ্রাম-4,51,0.74,33.77,69.07,0.0,1199,না,অন্যান্য,2025-06-20
1,গ্রাম-3,51,37.96,1199.0,170.97,1028.03,1199,না,কৃষি,2025-06-21
1,গ্রাম-1,51,46.45,1199.0,257.38,941.62,1199,না,অন্যান্য,2025-06-22
1,গ্রাম-3,51,31.6,1199.0,488.04,710.96,1199,না,কৃষি,2025-06-23
1,গ্রাম-2,51,47.3,1199.0,359.86,839.14,1199,না,স্যানিটেশন,2025-06-24
1,গ্রাম-5,51,27.85,1199.0,285.73,913.27,1199,না,স্যানিটেশন,2025-06-25
1,গ্রাম-2,51,35.87,1199.0,372.6,826.4,1199,না,রান্না,2025-06-26
1,গ্রাম-5,51,48.06,1199.0,424.3,774.7,1199,না,অন্যান্য,2025-06-27
1,গ্রাম-4,51,16.94,777.33,270.12,507.21,1199,না,স্যানিটেশন,2025-06-28
1,গ্রাম-4,51,27.01,1199.0,219.2,979.8,1199,না,স্যানিটেশন,2025-06-29
1,গ্রাম-4,51,28.31,1199.0,365.59,833.41,1199,না,রান্না,2025-06-30
2,গ্রাম-2,86,46.76,2115.0,424.11,1690.89,2115,না,অন্যান্য,2025-06-01
2,গ্রাম-1,86,0.15,11.95,92.6,0.0,2115,না,অন্যান্য,2025-06-02
2,গ্রাম-3,86,0.38,29.6,88.32,0.0,2115,না,অন্যান্য,2025-06-03
2,গ্রাম-5,86,33.95,2115.0,232.49,1882.51,2115,না,স্যানিটেশন,2025-06-04
2,গ্রাম-2,86,39.59,2115.0,344.82,1770.18,2115,না,কৃষি,2025-06-05
2,গ্রাম-4,86,7.41,573.61,236.53,337.09,2115,না,অন্যান্য,2025-06-06
2,গ্রাম-5,86,23.39,1810.69,234.71,1575.97,2115,না,রান্না,2025-06-07
2,গ্রাম-4,86,11.73,907.55,311.16,596.39,2115,না,কৃষি,2025-06-08
2,গ্রাম-5,86,15.16,1173.25,478.09,695.16,2115,না,অন্যান্য,2025-06-09
2,গ্রাম-3,86,19.96,1544.64,411.96,1132.69,2115,না,কৃষি,2025-06-10
2,গ্রাম-5,86,3.24,250.79,211.98,38.81,2115,না,কৃষি,2025-06-11
2,গ্রাম-3,86,47.55,2115.0,431.0,1684.0,2115,না,কৃষি,2025-06-12
2,গ্রাম-4,86,3.29,254.81,230.66,24.15,2115,না,কৃষি,2025-06-13
2,গ্রাম-3,86,38.29,2115.0,448.44,1666.56,2115,না,অন্যান্য,2025-06-14
2,গ্রাম-2,86,7.37,570.35,240.42,329.93,2115,না,রান্না,2025-06-15
2,গ্রাম-4,86,18.55,1436.0,171.94,1264.06,2115,না,কৃষি,2025-06-16
2,গ্রাম-2,86,27.72,2115.0,346.76,1768.24,2115,না,স্যানিটেশন,2025-06-17
2,গ্রাম-2,86,6.45,499.52,394.26,105.26,2115,না,রান্না,2025-06-18
2,গ্রাম-1,86,34.36,2115.0,458.63,1656.37,2115,না,অন্যান্য,2025-06-19
2,গ্রাম-2,86,3.64,281.88,133.98,147.9,2115,না,কৃষি,2025-06-20
2,গ্রাম-1,86,48.72,2115.0,303.63,1811.37,2115,না,অন্যান্য,2025-06-21
2,গ্রাম-3,86,29.23,2115.0,211.13,1903.87,2115,না,অন্যান্য,2025-06-22
2,গ্রাম-1,86,4.58,354.43,170.25,184.18,2115,না,স্যানিটেশন,2025-06-23
2,গ্রাম-3,86,32.63,2115.0,320.61,1794.39,2115,না,অন্যান্য,2025-06-24
2,গ্রাম-5,86,48.64,2115.0,426.91,1688.09,2115,না,অন্যান্য,2025-06-25
2,গ্রাম-2,86,16.37,1266.93,498.88,768.05,2115,না,রান্না,2025-06-26
2,গ্রাম-2,86,16.34,1264.77,315.56,949.2,2115,না,কৃষি,2025-06-27
2,গ্রাম-4,86,16.89,1307.45,198.0,1109.46,2115,না,রান্না,2025-06-28
2,গ্রাম-4,86,14.63,1132.53,395.92,736.61,2115,না,কৃষি,2025-06-29
2,গ্রাম-2,86,7.19,556.59,367.16,189.44,2115,না,অন্যান্য,2025-06-30
3,গ্রাম-4,38,34.75,1188.6,240.64,947.96,1612,না,রান্না,2025-06-01
3,গ্রাম-1,38,17.7,605.4,498.49,106.91,1612,না,কৃষি,2025-06-02
3,গ্রাম-4,38,0.9,30.84,42.24,0.0,1612,না,অন্যান্য,2025-06-03
3,গ্রাম-5,38,25.02,855.55,373.85,481.7,1612,না,স্যানিটেশন,2025-06-04
3,গ্রাম-3,38,46.92,1604.52,395.23,1209.29,1612,না,কৃষি,2025-06-05
3,গ্রাম-5,38,4.93,168.64,138.87,29.76,1612,না,কৃষি,2025-06-06
3,গ্রাম-4,38,38.07,1302.02,402.95,899.07,1612,না,স্যানিটেশন,2025-06-07
3,গ্রাম-4,38,29.47,1007.77,105.48,902.3,1612,না,কৃষি,2025-06-08
3,গ্রাম-2,38,29.49,1008.55,440.63,567.92,1612,না,অন্যান্য,2025-06-09
3,গ্রাম-3,38,13.9,475.55,449.86,25.69,1612,না,রান্না,2025-06-10
3,গ্রাম-2,38,24.86,850.15,331.0,519.15,1612,না,অন্যান্য,2025-06-11
3,গ্রাম-1,38,6.76,231.33,219.0,12.33,1612,না,স্যানিটেশন,2025-06-12
3,গ্রাম-5,38,27.9,954.07,200.99,753.09,1612,না,কৃষি,2025-06-13
3,গ্রাম-2,38,27.36,935.6,214.58,721.02,1612,না,রান্না,2025-06-14
3,গ্রাম-2,38,18.34,627.24,376.93,250.31,1612,না,কৃষি,2025-06-15
3,গ্রাম-5,38,45.2,1545.88,330.17,1215.71,1612,না,অন্যান্য,2025-06-16
3,গ্রাম-1,38,17.05,583.28,189.49,393.79,1612,না,অন্যান্য,2025-06-17
3,গ্রাম-2,38,33.42,1143.06,285.77,857.29,1612,না,কৃষি,2025-06-18
3,গ্রাম-1,38,16.61,568.09,355.45,212.64,1612,না,কৃষি,2025-06-19
3,গ্রাম-3,38,23.55,805.3,363.63,441.67,1612,না,কৃষি,2025-06-20
3,গ্রাম-5,38,20.75,709.67,314.79,394.89,1612,না,অন্যান্য,2025-06-21
3,গ্রাম-3,38,43.91,1501.74,377.67,1124.07,1612,না,অন্যান্য,2025-06-22
3,গ্রাম-2,38,30.39,1039.19,450.19,588.99,1612,না,রান্না,2025-06-23
3,গ্রাম-1,38,33.6,1149.23,200.24,948.99,1612,না,অন্যান্য,2025-06-24
3,গ্রাম-4,38,49.64,1612.0,372.65,1239.35,1612,না,কৃষি,2025-06-25
3,গ্রাম-4,38,29.95,1024.32,371.87,652.45,1612,না,অন্যান্য,2025-06-26
3,গ্রাম-3,38,43.12,1474.86,270.73,1204.13,1612,না,রান্না,2025-06-27
3,গ্রাম-5,38,20.68,707.34,339.43,367.9,1612,না,কৃষি,2025-06-28
3,গ্রাম-3,38,21.0,718.03,278.47,439.56,1612,না,অন্যান্য,2025-06-29
3,গ্রাম-1,38,10.11,345.64,221.99,123.65,1612,না,স্যানিটেশন,2025-06-30
4,গ্রাম-4,61,42.47,1223.0,280.67,942.33,1223,না,অন্যান্য,2025-06-01
4,গ্রাম-3,61,6.54,359.07,171.49,187.58,1223,না,স্যানিটেশন,2025-06-02
4,গ্রাম-5,61,46.53,1223.0,210.93,1012.07,1223,না,স্যানিটেশন,2025-06-03
4,গ্রাম-5,61,1.29,70.79,81.56,0.0,1223,না,রান্না,2025-06-04
4,গ্রাম-4,61,34.01,1223.0,427.46,795.54,1223,না,কৃষি,2025-06-05
4,গ্রাম-5,61,35.97,1223.0,411.86,811.14,1223,না,অন্যান্য,2025-06-06
4,গ্রাম-3,61,2.78,152.64,115.16,37.48,1223,না,রান্না,2025-06-07
4,গ্রাম-3,61,32.78,1223.0,169.73,1053.27,1223,না,অন্যান্য,2025-06-08
4,গ্রাম-2,61,2.9,159.17,143.18,15.99,1223,না,কৃষি,2025-06-09
4,গ্রাম-4,61,5.91,324.4,291.43,32.97,1223,না,কৃষি,2025-06-10
4,গ্রাম-3,61,5.46,300.0,297.31,2.69,1223,না,কৃষি,2025-06-11
4,গ্রাম-5,61,14.02,769.64,388.62,381.01,1223,না,অন্যান্য,2025-06-12
4,গ্রাম-2,61,49.39,1223.0,102.64,1120.36,1223,না,কৃষি,2025-06-13
4,গ্রাম-3,61,44.79,1223.0,475.76,747.24,1223,না,অন্যান্য,2025-06-14
4,গ্রাম-5,61,45.69,1223.0,460.2,762.8,1223,না,রান্না,2025-06-15
4,গ্রাম-3,61,1.68,92.48,97.0,0.0,1223,না,কৃষি,2025-06-16
4,গ্রাম-1,61,35.03,1223.0,294.09,928.91,1223,না,কৃষি,2025-06-17
4,গ্রাম-3,61,25.52,1223.0,277.27,945.73,1223,না,অন্যান্য,2025-06-18
4,গ্রাম-5,61,2.95,162.05,158.0,4.04,1223,না,কৃষি,2025-06-19
4,গ্রাম-1,61,29.52,1223.0,456.87,766.13,1223,না,কৃষি,2025-06-20
4,গ্রাম-3,61,43.13,1223.0,453.14,769.86,1223,না,কৃষি,2025-06-21
4,গ্রাম-3,61,30.96,1223.0,388.29,834.71,1223,না,কৃষি,2025-06-22
4,গ্রাম-4,61,34.64,1223.0,123.83,1099.17,1223,না,স্যানিটেশন,2025-06-23
4,গ্রাম-1,61,48.43,1223.0,408.67,814.33,1223,না,স্যানিটেশন,2025-06-24
4,গ্রাম-2,61,28.92,1223.0,265.64,957.36,1223,না,স্যানিটেশন,2025-06-25
4,গ্রাম-5,61,13.17,722.95,199.8,523.15,1223,না,রান্না,2025-06-26
4,গ্রাম-3,61,3.84,211.08,131.68,79.41,1223,না,অন্যান্য,2025-06-27
4,গ্রাম-3,61,19.34,1061.61,431.63,629.98,1223,না,অন্যান্য,2025-06-28
4,গ্রাম-1,61,7.48,410.82,193.6,217.23,1223,না,স্যানিটেশন,2025-06-29
4,গ্রাম-5,61,42.86,1223.0,430.46,792.54,1223,না,কৃষি,2025-06-30
5,গ্রাম-3,48,32.11,1097.0,389.75,707.25,1097,না,স্যানিটেশন,2025-06-01
5,গ্রাম-3,48,8.6,371.52,190.25,181.27,1097,না,অন্যান্য,2025-06-02
5,গ্রাম-3,48,11.37,491.27,446.47,44.8,1097,না,স্যানিটেশন,2025-06-03
5,গ্রাম-1,48,35.53,1097.0,129.3,967.7,1097,না,রান্না,2025-06-04
5,গ্রাম-3,48,6.18,266.95,230.93,36.02,1097,না,কৃষি,2025-06-05
5,গ্রাম-5,48,1.81,78.09,79.59,0.0,1097,না,কৃষি,2025-06-06
5,গ্রাম-3,48,14.57,629.6,218.5,411.11,1097,না,অন্যান্য,2025-06-07
5,গ্রাম-5,48,36.33,1097.0,120.19,976.81,1097,না,কৃষি,2025-06-08
5,গ্রাম-2,48,0.69,29.91,53.52,0.0,1097,না,অন্যান্য,2025-06-09
5,গ্রাম-4,48,46.08,1097.0,471.16,625.84,1097,না,অন্যান্য,2025-06-10
5,গ্রাম-4,48,27.41,1097.0,330.07,766.93,1097,না,অন্যান্য,2025-06-11
5,গ্রাম-1,48,26.68,1097.0,354.91,742.09,1097,না,অন্যান্য,2025-06-12
5,গ্রাম-3,48,22.32,964.35,323.89,640.46,1097,না,কৃষি,2025-06-13
5,গ্রাম-1,48,34.69,1097.0,239.16,857.84,1097,না,কৃষি,2025-06-14
5,গ্রাম-5,48,20.69,893.6,361.32,532.27,1097,না,কৃষি,2025-06-15
5,গ্রাম-5,48,27.78,1097.0,432.45,664.55,1097,না,কৃষি,2025-06-16
5,গ্রাম-2,48,10.63,459.39,234.92,224.47,1097,না,রান্না,2025-06-17
5,গ্রাম-3,48,30.9,1097.0,161.79,935.21,1097,না,স্যানিটেশন,2025-06-18
5,গ্রাম-5,48,44.53,1097.0,138.56,958.44,1097,না,স্যানিটেশন,2025-06-19
5,গ্রাম-4,48,21.96,948.74,282.21,666.53,1097,না,স্যানিটেশন,2025-06-20
5,গ্রাম-3,48,32.97,1097.0,459.78,637.22,1097,না,কৃষি,2025-06-21
5,গ্রাম-5,48,13.88,599.7,165.67,434.03,1097,না,রান্না,2025-06-22
5,গ্রাম-5,48,22.69,980.38,293.98,686.4,1097,না,অন্যান্য,2025-06-23
5,গ্রাম-4,48,29.54,1097.0,152.04,944.96,1097,না,স্যানিটেশন,2025-06-24
5,গ্রাম-2,48,8.02,346.41,204.06,142.35,1097,না,রান্না,2025-06-25
5,গ্রাম-5,48,45.76,1097.0,137.56,959.44,1097,না,রান্না,2025-06-26
5,গ্রাম-2,48,4.89,211.34,204.88,6.46,1097,না,রান্না,2025-06-27
5,গ্রাম-3,48,0.17,7.44,71.96,0.0,1097,না,স্যানিটেশন,2025-06-28
5,গ্রাম-5,48,35.48,1097.0,285.8,811.2,1097,না,স্যানিটেশন,2025-06-29
5,গ্রাম-5,48,34.46,1097.0,220.92,876.08,1097,না,অন্যান্য,2025-06-30
6,গ্রাম-3,71,8.28,529.21,254.96,274.24,1541,না,রান্না,2025-06-01
6,গ্রাম-4,71,22.52,1439.3,141.28,1298.02,1541,না,রান্না,2025-06-02
6,গ্রাম-5,71,39.33,1541.0,276.82,1264.18,1541,না,কৃষি,2025-06-03
6,গ্রাম-1,71,13.22,845.07,313.34,531.73,1541,না,রান্না,2025-06-04
6,গ্রাম-1,71,1.79,114.31,106.4,7.91,1541,না,স্যানিটেশন,2025-06-05
6,গ্রাম-1,71,30.81,1541.0,270.58,1270.42,1541,না,কৃষি,2025-06-06
6,গ্রাম-3,71,12.63,806.91,233.67,573.24,1541,না,কৃষি,2025-06-07
6,গ্রাম-3,71,5.22,333.3,283.29,50.01,1541,না,স্যানিটেশন,2025-06-08
6,গ্রাম-5,71,22.63,1446.02,453.44,992.58,1541,না,রান্না,2025-06-09
6,গ্রাম-1,71,27.97,1541.0,367.83,1173.17,1541,না,কৃষি,2025-06-10
6,গ্রাম-5,71,3.28,209.63,175.62,34.01,1541,না,অন্যান্য,2025-06-11
6,গ্রাম-2,71,37.01,1541.0,235.12,1305.88,1541,না,অন্যান্য,2025-06-12
6,গ্রাম-1,71,39.16,1541.0,497.8,1043.2,1541,না,স্যানিটেশন,2025-06-13
6,গ্রাম-3,71,5.58,356.31,138.83,217.48,1541,না,রান্না,2025-06-14
6,গ্রাম-5,71,16.12,1030.33,158.92,871.41,1541,না,কৃষি,2025-06-15
6,গ্রাম-1,71,33.79,1541.0,239.24,1301.76,1541,না,স্যানিটেশন,2025-06-16
6,গ্রাম-1,71,5.64,360.08,334.8,25.28,1541,না,স্যানিটেশন,2025-06-17
6,গ্রাম-5,71,37.55,1541.0,282.55,1258.45,1541,না,রান্না,2025-06-18
6,গ্রাম-5,71,6.21,396.98,136.01,260.97,1541,না,অন্যান্য,2025-06-19
6,গ্রাম-4,71,1.62,103.48,102.47,1.01,1541,না,অন্যান্য,2025-06-20
6,গ্রাম-1,71,44.48,1541.0,272.64,1268.36,1541,না,স্যানিটেশন,2025-06-21
6,গ্রাম-1,71,35.17,1541.0,403.3,1137.7,1541,না,রান্না,2025-06-22
6,গ্রাম-3,71,15.42,985.46,464.75,520.71,1541,না,অন্যান্য,2025-06-23
6,গ্রাম-3,71,9.63,615.5,398.87,216.63,1541,না,কৃষি,2025-06-24
6,গ্রাম-2,71,19.57,1250.21,330.69,919.52,1541,না,স্যানিটেশন,2025-06-25
6,গ্রাম-4,71,34.18,1541.0,237.62,1303.38,1541,না,স্যানিটেশন,2025-06-26
6,গ্রাম-1,71,15.77,1007.91,114.44,893.47,1541,না,রান্না,2025-06-27
6,গ্রাম-1,71,43.31,1541.0,340.51,1200.49,1541,না,অন্যান্য,2025-06-28
6,গ্রাম-3,71,46.03,1541.0,276.2,1264.8,1541,না,স্যানিটেশন,2025-06-29
6,গ্রাম-2,71,35.49,1541.0,302.33,1238.67,1541,না,কৃষি,2025-06-30
7,গ্রাম-5,35,19.25,606.45,163.37,443.08,2735,না,স্যানিটেশন,2025-06-01
7,গ্রাম-1,35,32.43,1021.57,228.6,792.97,2735,না,কৃষি,2025-06-02
7,গ্রাম-4,35,30.89,973.1,119.24,853.86,2735,না,অন্যান্য,2025-06-03
7,গ্রাম-5,35,26.15,823.64,150.83,672.81,2735,না,রান্না,2025-06-04
7,গ্রাম-5,35,25.55,804.81,411.58,393.24,2735,না,স্যানিটেশন,2025-06-05
7,গ্রাম-5,35,9.58,301.73,223.83,77.9,2735,না,রান্না,2025-06-06
7,গ্রাম-4,35,38.1,1200.02,268.71,931.31,2735,না,কৃষি,2025-06-07
7,গ্রাম-1,35,48.2,1518.38,133.03,1385.35,2735,না,অন্যান্য,2025-06-08
7,গ্রাম-4,35,46.48,1464.12,146.22,1317.9,2735,না,স্যানিটেশন,2025-06-09
7,গ্রাম-4,35,36.62,1153.4,398.72,754.68,2735,না,রান্না,2025-06-10
7,গ্রাম-5,35,45.33,1428.02,260.62,1167.41,2735,না,অন্যান্য,2025-06-11
7,গ্রাম-1,35,48.3,1521.41,144.23,1377.18,2735,না,অন্যান্য,2025-06-12
7,গ্রাম-3,35,23.61,743.86,167.19,576.67,2735,না,কৃষি,2025-06-13
7,গ্রাম-2,35,25.86,814.61,363.48,451.13,2735,না,অন্যান্য,2025-06-14
7,গ্রাম-2,35,37.98,1196.39,350.97,845.42,2735,না,অন্যান্য,2025-06-15
7,গ্রাম-5,35,18.21,573.59,483.55,90.04,2735,না,অন্যান্য,2025-06-16
7,গ্রাম-5,35,39.89,1256.66,433.83,822.82,2735,না,রান্না,2025-06-17
7,গ্রাম-2,35,13.97,440.0,298.45,141.54,2735,না,রান্না,2025-06-18
7,গ্রাম-1,35,16.08,506.64,129.74,376.89,2735,না,কৃষি,2025-06-19
7,গ্রাম-1,35,27.99,881.6,114.86,766.74,2735,না,রান্না,2025-06-20
7,গ্রাম-1,35,3.52,111.0,108.67,2.33,2735,না,অন্যান্য,2025-06-21
7,গ্রাম-5,35,31.75,1000.15,351.23,648.91,2735,না,অন্যান্য,2025-06-22
7,গ্রাম-2,35,16.1,507.1,293.89,213.2,2735,না,স্যানিটেশন,2025-06-23
7,গ্রাম-2,35,17.91,564.22,115.12,449.1,2735,না,রান্না,2025-06-24
7,গ্রাম-2,35,34.9,1099.24,233.17,866.06,2735,না,কৃষি,2025-06-25
7,গ্রাম-5,35,4.06,127.98,118.5,9.48,2735,না,কৃষি,2025-06-26
7,গ্রাম-3,35,22.96,723.2,122.56,600.64,2735,না,স্যানিটেশন,2025-06-27
7,গ্রাম-5,35,36.07,1136.18,420.44,715.74,2735,না,অন্যান্য,2025-06-28
7,গ্রাম-2,35,6.62,208.46,170.62,37.84,2735,না,স্যানিটেশন,2025-06-29
7,গ্রাম-2,35,32.86,1034.98,295.0,739.98,2735,না,রান্না,2025-06-30
8,গ্রাম-3,30,20.18,544.98,387.04,157.94,1512,না,রান্না,2025-06-01
8,গ্রাম-2,30,22.89,618.11,493.87,124.24,1512,না,অন্যান্য,2025-06-02
8,গ্রাম-3,30,42.71,1153.23,203.81,949.42,1512,না,কৃষি,2025-06-03
8,গ্রাম-2,30,25.04,676.16,256.21,419.94,1512,না,কৃষি,2025-06-04
8,গ্রাম-2,30,19.63,529.91,330.93,198.98,1512,না,রান্না,2025-06-05
8,গ্রাম-1,30,28.67,774.2,126.98,647.21,1512,না,কৃষি,2025-06-06
8,গ্রাম-2,30,45.11,1218.0,459.57,758.43,1512,না,অন্যান্য,2025-06-07
8,গ্রাম-3,30,30.74,829.92,480.85,349.08,1512,না,রান্না,2025-06-08
8,গ্রাম-1,30,24.3,656.04,209.46,446.58,1512,না,রান্না,2025-06-09
8,গ্রাম-1,30,11.89,321.12,116.5,204.62,1512,না,কৃষি,2025-06-10
8,গ্রাম-2,30,14.09,380.41,368.03,12.38,1512,না,রান্না,2025-06-11
8,গ্রাম-5,30,20.2,545.38,233.13,312.24,1512,না,স্যানিটেশন,2025-06-12
8,গ্রাম-5,30,48.34,1305.06,300.72,1004.34,1512,না,অন্যান্য,2025-06-13
8,গ্রাম-5,30,45.95,1240.53,494.73,745.8,1512,না,রান্না,2025-06-14
8,গ্রাম-3,30,12.45,336.05,193.51,142.53,1512,না,রান্না,2025-06-15
8,গ্রাম-3,30,8.83,238.34,179.65,58.69,1512,না,অন্যান্য,2025-06-16
8,গ্রাম-4,30,0.19,5.22,29.61,0.0,1512,না,স্যানিটেশন,2025-06-17
8,গ্রাম-5,30,4.9,132.32,120.11,12.21,1512,না,কৃষি,2025-06-18
8,গ্রাম-4,30,41.79,1128.23,259.93,868.29,1512,না,অন্যান্য,2025-06-19
8,গ্রাম-4,30,7.3,197.06,171.0,26.06,1512,না,স্যানিটেশন,2025-06-20
8,গ্রাম-2,30,1.7,45.77,55.43,0.0,1512,না,স্যানিটেশন,2025-06-21
8,গ্রাম-1,30,21.9,591.28,229.45,361.83,1512,না,স্যানিটেশন,2025-06-22
8,গ্রাম-1,30,43.53,1175.24,157.04,1018.21,1512,না,রান্না,2025-06-23
8,গ্রাম-4,30,47.19,1274.25,394.42,879.83,1512,না,কৃষি,2025-06-24
8,গ্রাম-3,30,0.48,12.96,25.67,0.0,1512,না,রান্না,2025-06-25
8,গ্রাম-4,30,37.07,1000.87,396.69,604.18,1512,না,অন্যান্য,2025-06-26
8,গ্রাম-4,30,0.15,4.12,11.74,0.0,1512,না,স্যানিটেশন,2025-06-27
8,গ্রাম-1,30,45.14,1218.83,487.51,731.32,1512,না,কৃষি,2025-06-28
8,গ্রাম-4,30,30.13,813.5,149.16,664.33,1512,না,রান্না,2025-06-29
8,গ্রাম-3,30,16.97,458.14,337.73,120.41,1512,না,কৃষি,2025-06-30
9,গ্রাম-4,97,42.5,1806.0,297.73,1508.27,1806,না,অন্যান্য,2025-06-01
9,গ্রাম-2,97,10.26,895.92,448.25,447.67,1806,না,কৃষি,2025-06-02
9,গ্রাম-5,97,41.35,1806.0,395.27,1410.73,1806,না,অন্যান্য,2025-06-03
9,গ্রাম-5,97,1.82,158.98,142.64,16.34,1806,না,কৃষি,2025-06-04
9,গ্রাম-4,97,38.74,1806.0,380.77,1425.23,1806,না,কৃষি,2025-06-05
9,গ্রাম-3,97,16.75,1461.85,209.94,1251.91,1806,না,রান্না,2025-06-06
9,গ্রাম-1,97,29.04,1806.0,313.93,1492.07,1806,না,রান্না,2025-06-07
9,গ্রাম-4,97,38.6,1806.0,224.12,1581.88,1806,না,কৃষি,2025-06-08
9,গ্রাম-3,97,12.98,1133.53,228.58,904.95,1806,না,অন্যান্য,2025-06-09
9,গ্রাম-3,97,1.16,100.9,100.39,0.51,1806,না,কৃষি,2025-06-10
9,গ্রাম-2,97,43.83,1806.0,261.33,1544.67,1806,না,অন্যান্য,2025-06-11
9,গ্রাম-5,97,49.81,1806.0,377.84,1428.16,1806,না,রান্না,2025-06-12
9,গ্রাম-4,97,30.42,1806.0,375.48,1430.52,1806,না,রান্না,2025-06-13
9,গ্রাম-1,97,20.83,1806.0,171.0,1635.0,1806,না,কৃষি,2025-06-14
9,গ্রাম-4,97,47.45,1806.0,398.7,1407.3,1806,না,অন্যান্য,2025-06-15
9,গ্রাম-4,97,46.79,1806.0,218.88,1587.12,1806,না,স্যানিটেশন,2025-06-16
9,গ্রাম-1,97,3.67,319.98,118.48,201.49,1806,না,অন্যান্য,2025-06-17
9,গ্রাম-5,97,48.44,1806.0,185.5,1620.5,1806,না,রান্না,2025-06-18
9,গ্রাম-2,97,11.81,1031.08,188.32,842.76,1806,না,অন্যান্য,2025-06-19
9,গ্রাম-2,97,34.63,1806.0,193.4,1612.6,1806,না,রান্না,2025-06-20
9,গ্রাম-2,97,20.86,1806.0,259.76,1546.24,1806,না,রান্না,2025-06-21
9,গ্রাম-2,97,38.87,1806.0,261.78,1544.22,1806,না,অন্যান্য,2025-06-22
9,গ্রাম-2,97,6.7,584.95,461.4,123.55,1806,না,কৃষি,2025-06-23
9,গ্রাম-5,97,0.92,80.46,90.05,0.0,1806,না,অন্যান্য,2025-06-24
9,গ্রাম-1,97,39.76,1806.0,160.8,1645.2,1806,না,কৃষি,2025-06-25
9,গ্রাম-4,97,29.84,1806.0,205.98,1600.02,1806,না,কৃষি,2025-06-26
9,গ্রাম-4,97,46.92,1806.0,153.98,1652.02,1806,না,কৃষি,2025-06-27
9,গ্রাম-2,97,40.23,1806.0,291.54,1514.46,1806,না,অন্যান্য,2025-06-28
9,গ্রাম-1,97,24.09,1806.0,116.61,1689.39,1806,না,স্যানিটেশন,2025-06-29
9,গ্রাম-1,97,21.19,1806.0,354.02,1451.98,1806,না,অন্যান্য,2025-06-30
10,গ্রাম-4,47,26.99,1141.71,199.66,942.05,1568,না,রান্না,2025-06-01
10,গ্রাম-2,47,4.7,199.01,103.97,95.04,1568,না,স্যানিটেশন,2025-06-02
10,গ্রাম-4,47,13.27,561.18,126.02,435.16,1568,না,কৃষি,2025-06-03
10,গ্রাম-1,47,35.41,1498.02,178.22,1319.8,1568,না,কৃষি,2025-06-04
10,গ্রাম-1,47,1.28,54.1,70.38,0.0,1568,না,রান্না,2025-06-05
10,গ্রাম-2,47,45.64,1568.0,420.72,1147.28,1568,না,অন্যান্য,2025-06-06
10,গ্রাম-4,47,40.85,1568.0,122.55,1445.45,1568,না,রান্না,2025-06-07
10,গ্রাম-4,47,48.63,1568.0,486.61,1081.39,1568,না,অন্যান্য,2025-06-08
10,গ্রাম-5,47,41.9,1568.0,356.94,1211.06,1568,না,রান্না,2025-06-09
10,গ্রাম-5,47,41.06,1568.0,160.27,1407.73,1568,না,স্যানিটেশন,2025-06-10
10,গ্রাম-4,47,17.53,741.53,481.93,259.6,1568,না,অন্যান্য,2025-06-11
10,গ্রাম-5,47,32.11,1358.06,260.75,1097.32,1568,না,কৃষি,2025-06-12
10,গ্রাম-1,47,21.48,908.6,401.28,507.31,1568,না,স্যানিটেশন,2025-06-13
10,গ্রাম-2,47,36.82,1557.63,359.08,1198.55,1568,না,কৃষি,2025-06-14
10,গ্রাম-4,47,43.1,1568.0,414.78,1153.22,1568,না,কৃষি,2025-06-15
10,গ্রাম-4,47,19.59,828.67,121.33,707.34,1568,না,অন্যান্য,2025-06-16
10,গ্রাম-1,47,39.54,1568.0,314.77,1253.23,1568,না,কৃষি,2025-06-17
10,গ্রাম-1,47,21.79,921.72,157.01,764.71,1568,না,কৃষি,2025-06-18
10,গ্রাম-1,47,27.72,1172.73,167.6,1005.14,1568,না,রান্না,2025-06-19
10,গ্রাম-1,47,37.22,1568.0,196.12,1371.88,1568,না,কৃষি,2025-06-20
10,গ্রাম-3,47,42.63,1568.0,308.69,1259.31,1568,না,অন্যান্য,2025-06-21
10,গ্রাম-1,47,20.65,873.29,185.8,687.5,1568,না,রান্না,2025-06-22
10,গ্রাম-5,47,35.86,1516.7,248.55,1268.14,1568,না,রান্না,2025-06-23
10,গ্রাম-1,47,35.4,1497.3,306.15,1191.15,1568,না,কৃষি,2025-06-24
10,গ্রাম-1,47,4.76,201.47,148.11,53.36,1568,না,অন্যান্য,2025-06-25
10,গ্রাম-4,47,20.26,857.1,266.85,590.24,1568,না,স্যানিটেশন,2025-06-26
10,গ্রাম-4,47,39.66,1568.0,194.98,1373.02,1568,না,কৃষি,2025-06-27
10,গ্রাম-2,47,34.23,1448.12,120.05,1328.07,1568,না,কৃষি,2025-06-28
10,গ্রাম-1,47,17.17,726.21,476.65,249.55,1568,না,কৃষি,2025-06-29
10,গ্রাম-1,47,6.63,280.46,112.44,168.02,1568,না,স্যানিটেশন,2025-06-30
11,গ্রাম-5,95,28.79,2461.22,134.61,2326.6,2966,না,কৃষি,2025-06-01
11,গ্রাম-5,95,38.73,2966.0,169.23,2796.77,2966,না,অন্যান্য,2025-06-02
11,গ্রাম-5,95,23.58,2016.0,211.88,1804.12,2966,না,রান্না,2025-06-03
11,গ্রাম-4,95,14.07,1202.57,148.15,1054.42,2966,না,অন্যান্য,2025-06-04
11,গ্রাম-1,95,30.79,2632.86,176.75,2456.11,2966,না,রান্না,2025-06-05
11,গ্রাম-1,95,9.69,828.52,284.24,544.28,2966,না,স্যানিটেশন,2025-06-06
11,গ্রাম-1,95,19.99,1709.15,405.77,1303.37,2966,না,অন্যান্য,2025-06-07
11,গ্রাম-5,95,21.22,1814.46,267.08,1547.38,2966,না,অন্যান্য,2025-06-08
11,গ্রাম-2,95,39.53,2966.0,456.68,2509.32,2966,না,অন্যান্য,2025-06-09
11,গ্রাম-3,95,37.21,2966.0,292.33,2673.67,2966,না,অন্যান্য,2025-06-10
11,গ্রাম-3,95,26.17,2237.39,497.08,1740.31,2966,না,কৃষি,2025-06-11
11,গ্রাম-3,95,16.76,1432.78,496.5,936.28,2966,না,কৃষি,2025-06-12
11,গ্রাম-2,95,38.67,2966.0,399.75,2566.25,2966,না,স্যানিটেশন,2025-06-13
11,গ্রাম-3,95,45.58,2966.0,115.99,2850.01,2966,না,কৃষি,2025-06-14
11,গ্রাম-5,95,9.79,836.88,219.33,617.55,2966,না,রান্না,2025-06-15
11,গ্রাম-5,95,14.34,1226.32,415.13,811.19,2966,না,অন্যান্য,2025-06-16
11,গ্রাম-2,95,17.36,1484.55,483.71,1000.84,2966,না,কৃষি,2025-06-17
11,গ্রাম-2,95,13.53,1157.09,331.27,825.82,2966,না,অন্যান্য,2025-06-18
11,গ্রাম-2,95,28.73,2456.09,247.0,2209.09,2966,না,কৃষি,2025-06-19
11,গ্রাম-2,95,46.29,2966.0,327.96,2638.04,2966,না,স্যানিটেশন,2025-06-20
11,গ্রাম-5,95,41.76,2966.0,478.19,2487.81,2966,না,কৃষি,2025-06-21
11,গ্রাম-2,95,25.82,2207.48,283.94,1923.54,2966,না,রান্না,2025-06-22
11,গ্রাম-5,95,10.8,923.56,328.87,594.69,2966,না,কৃষি,2025-06-23
11,গ্রাম-2,95,14.32,1224.33,223.48,1000.85,2966,না,কৃষি,2025-06-24
11,গ্রাম-5,95,2.69,230.32,228.68,1.64,2966,না,স্যানিটেশন,2025-06-25
11,গ্রাম-4,95,14.15,1209.5,142.31,1067.19,2966,না,অন্যান্য,2025-06-26
11,গ্রাম-1,95,21.62,1848.52,397.18,1451.34,2966,না,রান্না,2025-06-27
11,গ্রাম-2,95,44.39,2966.0,334.2,2631.8,2966,না,অন্যান্য,2025-06-28
11,গ্রাম-5,95,6.07,519.41,366.84,152.57,2966,না,স্যানিটেশন,2025-06-29
11,গ্রাম-4,95,9.73,831.84,246.74,585.1,2966,না,রান্না,2025-06-30
12,গ্রাম-2,80,48.45,2404.0,143.53,2260.47,2404,না,অন্যান্য,2025-06-01
12,গ্রাম-1,80,17.32,1247.36,388.11,859.25,2404,না,কৃষি,2025-06-02
12,গ্রাম-4,80,17.33,1247.97,420.9,827.07,2404,না,কৃষি,2025-06-03
12,গ্রাম-4,80,6.0,432.32,197.55,234.77,2404,না,রান্না,2025-06-04
12,গ্রাম-5,80,11.26,810.62,449.33,361.28,2404,না,কৃষি,2025-06-05
12,গ্রাম-2,80,15.85,1141.52,286.1,855.42,2404,না,স্যানিটেশন,2025-06-06
12,গ্রাম-3,80,20.6,1483.32,379.28,1104.04,2404,না,স্যানিটেশন,2025-06-07
12,গ্রাম-4,80,37.81,2404.0,109.96,2294.04,2404,না,অন্যান্য,2025-06-08
12,গ্রাম-4,80,8.96,645.38,484.6,160.78,2404,না,অন্যান্য,2025-06-09
12,গ্রাম-4,80,23.49,1691.63,378.14,1313.49,2404,না,কৃষি,2025-06-10
12,গ্রাম-5,80,25.51,1836.62,249.15,1587.47,2404,না,স্যানিটেশন,2025-06-11
12,গ্রাম-4,80,42.74,2404.0,121.75,2282.25,2404,না,অন্যান্য,2025-06-12
12,গ্রাম-4,80,40.0,2404.0,108.72,2295.28,2404,না,স্যানিটেশন,2025-06-13
12,গ্রাম-4,80,14.04,1011.07,385.48,625.59,2404,না,অন্যান্য,2025-06-14
12,গ্রাম-1,80,21.39,1539.93,143.98,1395.95,2404,না,অন্যান্য,2025-06-15
12,গ্রাম-3,80,13.27,955.7,153.03,802.67,2404,না,অন্যান্য,2025-06-16
12,গ্রাম-5,80,45.76,2404.0,485.03,1918.97,2404,না,স্যানিটেশন,2025-06-17
12,গ্রাম-4,80,26.43,1902.81,125.37,1777.44,2404,না,রান্না,2025-06-18
12,গ্রাম-5,80,36.57,2404.0,349.63,2054.37,2404,না,কৃষি,2025-06-19
12,গ্রাম-1,80,29.66,2135.28,426.54,1708.74,2404,না,রান্না,2025-06-20
12,গ্রাম-2,80,33.44,2404.0,287.68,2116.32,2404,না,কৃষি,2025-06-21
12,গ্রাম-1,80,21.87,1574.79,102.88,1471.91,2404,না,রান্না,2025-06-22
12,গ্রাম-5,80,27.54,1983.22,359.83,1623.39,2404,না,অন্যান্য,2025-06-23
12,গ্রাম-1,80,18.06,1300.51,405.78,894.74,2404,না,কৃষি,2025-06-24
12,গ্রাম-4,80,43.17,2404.0,329.73,2074.27,2404,না,স্যানিটেশন,2025-06-25
12,গ্রাম-3,80,42.45,2404.0,102.25,2301.75,2404,না,স্যানিটেশন,2025-06-26
12,গ্রাম-2,80,8.33,599.91,423.35,176.56,2404,না,রান্না,2025-06-27
12,গ্রাম-2,80,30.47,2193.98,431.77,1762.21,2404,না,স্যানিটেশন,2025-06-28
12,গ্রাম-2,80,11.93,858.86,270.35,588.52,2404,না,কৃষি,2025-06-29
12,গ্রাম-3,80,6.5,468.33,335.89,132.44,2404,না,রান্না,2025-06-30
13,গ্রাম-5,78,3.35,234.9,194.98,39.92,1447,না,কৃষি,2025-06-01
13,গ্রাম-3,78,20.33,1426.83,490.88,935.94,1447,না,স্যানিটেশন,2025-06-02
13,গ্রাম-5,78,12.64,887.02,238.25,648.77,1447,না,কৃষি,2025-06-03
13,গ্রাম-2,78,37.06,1447.0,325.26,1121.74,1447,না,স্যানিটেশন,2025-06-04
13,গ্রাম-3,78,46.53,1447.0,485.6,961.4,1447,না,স্যানিটেশন,2025-06-05
13,গ্রাম-4,78,37.29,1447.0,205.46,1241.54,1447,না,স্যানিটেশন,2025-06-06
13,গ্রাম-5,78,29.19,1447.0,433.16,1013.84,1447,না,স্যানিটেশন,2025-06-07
13,গ্রাম-2,78,33.33,1447.0,423.38,1023.62,1447,না,রান্না,2025-06-08
13,গ্রাম-4,78,38.1,1447.0,122.87,1324.13,1447,না,রান্না,2025-06-09
13,গ্রাম-2,78,4.8,337.12,246.98,90.14,1447,না,স্যানিটেশন,2025-06-10
13,গ্রাম-4,78,12.68,890.01,297.03,592.98,1447,না,অন্যান্য,2025-06-11
13,গ্রাম-2,78,14.07,987.59,276.07,711.52,1447,না,অন্যান্য,2025-06-12
13,গ্রাম-1,78,3.59,251.75,187.2,64.55,1447,না,কৃষি,2025-06-13
13,গ্রাম-2,78,1.33,93.63,94.61,0.0,1447,না,কৃষি,2025-06-14
13,গ্রাম-5,78,3.67,257.88,192.76,65.12,1447,না,কৃষি,2025-06-15
13,গ্রাম-4,78,23.7,1447.0,271.43,1175.57,1447,না,অন্যান্য,2025-06-16
13,গ্রাম-2,78,11.0,771.97,182.67,589.31,1447,না,স্যানিটেশন,2025-06-17
13,গ্রাম-3,78,38.71,1447.0,464.15,982.85,1447,না,স্যানিটেশন,2025-06-18
13,গ্রাম-1,78,29.61,1447.0,174.82,1272.18,1447,না,স্যানিটেশন,2025-06-19
13,গ্রাম-2,78,9.99,701.3,417.81,283.49,1447,না,অন্যান্য,2025-06-20
13,গ্রাম-1,78,40.95,1447.0,103.23,1343.77,1447,না,কৃষি,2025-06-21
13,গ্রাম-5,78,14.9,1046.26,140.56,905.7,1447,না,স্যানিটেশন,2025-06-22
13,গ্রাম-5,78,3.11,218.64,127.43,91.21,1447,না,অন্যান্য,2025-06-23
13,গ্রাম-3,78,26.73,1447.0,105.3,1341.7,1447,না,কৃষি,2025-06-24
13,গ্রাম-4,78,33.86,1447.0,461.04,985.96,1447,না,রান্না,2025-06-25
13,গ্রাম-4,78,7.35,515.8,473.52,42.28,1447,না,অন্যান্য,2025-06-26
13,গ্রাম-3,78,48.0,1447.0,409.35,1037.65,1447,না,স্যানিটেশন,2025-06-27
13,গ্রাম-3,78,2.81,197.2,138.55,58.65,1447,না,অন্যান্য,2025-06-28
13,গ্রাম-1,78,45.78,1447.0,125.43,1321.57,1447,না,কৃষি,2025-06-29
13,গ্রাম-4,78,33.07,1447.0,386.07,1060.93,1447,না,অন্যান্য,2025-06-30
14,গ্রাম-3,59,13.42,712.68,280.64,432.03,1679,না,কৃষি,2025-06-01
14,গ্রাম-1,59,5.47,290.39,211.59,78.8,1679,না,রান্না,2025-06-02
14,গ্রাম-3,59,41.4,1679.0,340.76,1338.24,1679,না,স্যানিটেশন,2025-06-03
14,গ্রাম-2,59,36.96,1679.0,424.52,1254.48,1679,না,রান্না,2025-06-04
14,গ্রাম-5,59,3.85,204.39,191.91,12.48,1679,না,অন্যান্য,2025-06-05
14,গ্রাম-1,59,34.52,1679.0,197.44,1481.56,1679,না,কৃষি,2025-06-06
14,গ্রাম-2,59,13.66,725.14,468.54,256.6,1679,না,রান্না,2025-06-07
14,গ্রাম-2,59,34.38,1679.0,183.0,1496.0,1679,না,অন্যান্য,2025-06-08
14,গ্রাম-5,59,27.26,1447.61,453.92,993.69,1679,না,স্যানিটেশন,2025-06-09
14,গ্রাম-3,59,5.22,277.28,111.38,165.89,1679,না,কৃষি,2025-06-10
14,গ্রাম-4,59,36.37,1679.0,352.83,1326.17,1679,না,রান্না,2025-06-11
14,গ্রাম-1,59,4.95,262.66,199.74,62.93,1679,না,অন্যান্য,2025-06-12
14,গ্রাম-3,59,12.08,641.24,308.36,332.88,1679,না,কৃষি,2025-06-13
14,গ্রাম-2,59,8.49,450.71,342.52,108.19,1679,না,রান্না,2025-06-14
14,গ্রাম-3,59,46.45,1679.0,468.16,1210.84,1679,না,অন্যান্য,2025-06-15
14,গ্রাম-5,59,2.05,109.12,100.32,8.8,1679,না,কৃষি,2025-06-16
14,গ্রাম-2,59,40.18,1679.0,242.19,1436.81,1679,না,স্যানিটেশন,2025-06-17
14,গ্রাম-5,59,6.23,330.68,284.32,46.36,1679,না,রান্না,2025-06-18
14,গ্রাম-2,59,21.31,1131.47,294.81,836.66,1679,না,রান্না,2025-06-19
14,গ্রাম-3,59,30.01,1593.78,167.91,1425.87,1679,না,অন্যান্য,2025-06-20
14,গ্রাম-2,59,41.58,1679.0,287.15,1391.85,1679,না,রান্না,2025-06-21
14,গ্রাম-3,59,7.67,407.05,380.63,26.41,1679,না,স্যানিটেশন,2025-06-22
14,গ্রাম-2,59,14.85,788.48,475.43,313.05,1679,না,স্যানিটেশন,2025-06-23
14,গ্রাম-1,59,26.04,1382.59,489.97,892.62,1679,না,অন্যান্য,2025-06-24
14,গ্রাম-3,59,4.86,258.29,201.77,56.52,1679,না,রান্না,2025-06-25
14,গ্রাম-1,59,21.88,1161.61,223.27,938.34,1679,না,রান্না,2025-06-26
14,গ্রাম-4,59,10.72,569.23,327.67,241.56,1679,না,স্যানিটেশন,2025-06-27
14,গ্রাম-2,59,38.18,1679.0,466.41,1212.59,1679,না,স্যানিটেশন,2025-06-28
14,গ্রাম-5,59,49.58,1679.0,497.51,1181.49,1679,না,রান্না,2025-06-29
14,গ্রাম-3,59,10.57,561.46,218.91,342.55,1679,না,কৃষি,2025-06-30
15,গ্রাম-3,69,4.51,280.32,221.74,58.58,2730,না,অন্যান্য,2025-06-01
15,গ্রাম-4,69,7.65,474.93,408.32,66.61,2730,না,অন্যান্য,2025-06-02
15,গ্রাম-4,69,24.28,1508.06,378.97,1129.08,2730,না,স্যানিটেশন,2025-06-03
15,গ্রাম-3,69,22.94,1424.34,229.22,1195.12,2730,না,অন্যান্য,2025-06-04
15,গ্রাম-5,69,49.28,2730.0,266.18,2463.82,2730,না,স্যানিটেশন,2025-06-05
15,গ্রাম-1,69,6.98,433.25,424.04,9.21,2730,না,স্যানিটেশন,2025-06-06
15,গ্রাম-3,69,14.82,920.57,378.42,542.15,2730,না,কৃষি,2025-06-07
15,গ্রাম-1,69,18.54,1151.1,255.04,896.06,2730,না,স্যানিটেশন,2025-06-08
15,গ্রাম-4,69,35.07,2177.98,108.85,2069.12,2730,না,কৃষি,2025-06-09
15,গ্রাম-3,69,35.56,2208.23,403.11,1805.11,2730,না,অন্যান্য,2025-06-10
15,গ্রাম-4,69,44.1,2730.0,101.98,2628.02,2730,না,রান্না,2025-06-11
15,গ্রাম-5,69,33.75,2095.9,128.1,1967.8,2730,না,অন্যান্য,2025-06-12
15,গ্রাম-2,69,5.63,349.73,124.91,224.82,2730,না,অন্যান্য,2025-06-13
15,গ্রাম-3,69,18.6,1155.15,469.04,686.12,2730,না,রান্না,2025-06-14
15,গ্রাম-2,69,48.49,2730.0,254.65,2475.35,2730,না,রান্না,2025-06-15
15,গ্রাম-2,69,37.27,2314.33,388.76,1925.57,2730,না,কৃষি,2025-06-16
15,গ্রাম-1,69,31.09,1930.81,498.91,1431.9,2730,না,কৃষি,2025-06-17
15,গ্রাম-1,69,30.05,1866.18,307.98,1558.2,2730,না,কৃষি,2025-06-18
15,গ্রাম-4,69,30.85,1915.96,155.88,1760.08,2730,না,অন্যান্য,2025-06-19
15,গ্রাম-5,69,44.28,2730.0,258.04,2471.96,2730,না,অন্যান্য,2025-06-20
15,গ্রাম-3,69,27.14,1685.61,201.94,1483.67,2730,না,অন্যান্য,2025-06-21
15,গ্রাম-2,69,13.21,820.62,123.25,697.37,2730,না,স্যানিটেশন,2025-06-22
15,গ্রাম-4,69,47.73,2730.0,362.31,2367.69,2730,না,রান্না,2025-06-23
15,গ্রাম-1,69,45.56,2730.0,316.49,2413.51,2730,না,রান্না,2025-06-24
15,গ্রাম-5,69,36.91,2291.83,366.12,1925.71,2730,না,অন্যান্য,2025-06-25
15,গ্রাম-4,69,16.2,1005.88,456.36,549.52,2730,না,রান্না,2025-06-26
15,গ্রাম-1,69,1.36,84.65,94.89,0.0,2730,না,কৃষি,2025-06-27
15,গ্রাম-4,69,49.77,2730.0,376.75,2353.25,2730,না,রান্না,2025-06-28
15,গ্রাম-4,69,3.19,198.01,166.15,31.86,2730,না,স্যানিটেশন,2025-06-29
15,গ্রাম-4,69,6.95,431.5,264.37,167.13,2730,না,রান্না,2025-06-30
16,গ্রাম-4,65,14.01,819.53,474.19,345.35,2855,না,রান্না,2025-06-01
16,গ্রাম-4,65,1.31,76.75,87.15,0.0,2855,না,রান্না,2025-06-02
16,গ্রাম-4,65,5.93,346.78,139.03,207.74,2855,না,অন্যান্য,2025-06-03
16,গ্রাম-1,65,10.76,629.31,245.76,383.55,2855,না,রান্না,2025-06-04
16,গ্রাম-5,65,11.18,653.77,438.82,214.95,2855,না,রান্না,2025-06-05
16,গ্রাম-1,65,23.27,1361.13,187.25,1173.88,2855,না,রান্না,2025-06-06
16,গ্রাম-1,65,32.61,1907.93,354.81,1553.12,2855,না,কৃষি,2025-06-07
16,গ্রাম-5,65,47.79,2795.76,487.39,2308.36,2855,না,রান্না,2025-06-08
16,গ্রাম-4,65,4.07,238.18,194.86,43.31,2855,না,রান্না,2025-06-09
16,গ্রাম-1,65,45.99,2690.23,253.01,2437.21,2855,না,অন্যান্য,2025-06-10
16,গ্রাম-2,65,16.25,950.42,205.71,744.71,2855,না,কৃষি,2025-06-11
16,গ্রাম-5,65,31.19,1824.37,361.53,1462.84,2855,না,কৃষি,2025-06-12
16,গ্রাম-5,65,10.5,614.35,249.23,365.12,2855,না,রান্না,2025-06-13
16,গ্রাম-4,65,37.03,2166.08,122.99,2043.09,2855,না,স্যানিটেশন,2025-06-14
16,গ্রাম-5,65,40.54,2371.37,344.84,2026.53,2855,না,স্যানিটেশন,2025-06-15
16,গ্রাম-1,65,20.21,1182.17,325.95,856.23,2855,না,স্যানিটেশন,2025-06-16
16,গ্রাম-3,65,27.98,1636.93,242.07,1394.86,2855,না,স্যানিটেশন,2025-06-17
16,গ্রাম-2,65,26.63,1557.64,283.19,1274.46,2855,না,রান্না,2025-06-18
16,গ্রাম-4,65,31.11,1819.94,170.84,1649.1,2855,না,রান্না,2025-06-19
16,গ্রাম-2,65,32.86,1922.15,118.37,1803.77,2855,না,স্যানিটেশন,2025-06-20
16,গ্রাম-3,65,38.74,2266.07,298.8,1967.27,2855,না,অন্যান্য,2025-06-21
16,গ্রাম-2,65,8.32,486.45,314.19,172.26,2855,না,রান্না,2025-06-22
16,গ্রাম-2,65,49.89,2855.0,477.07,2377.93,2855,না,রান্না,2025-06-23
16,গ্রাম-1,65,16.73,978.61,445.85,532.76,2855,না,রান্না,2025-06-24
16,গ্রাম-1,65,16.65,973.76,374.29,599.48,2855,না,রান্না,2025-06-25
16,গ্রাম-4,65,17.61,1029.97,437.56,592.41,2855,না,কৃষি,2025-06-26
16,গ্রাম-2,65,20.87,1221.19,311.97,909.22,2855,না,রান্না,2025-06-27
16,গ্রাম-2,65,23.4,1369.02,109.09,1259.93,2855,না,অন্যান্য,2025-06-28
16,গ্রাম-4,65,13.9,813.44,165.57,647.86,2855,না,স্যানিটেশন,2025-06-29
16,গ্রাম-2,65,39.87,2332.59,316.18,2016.42,2855,না,স্যানিটেশন,2025-06-30
17,গ্রাম-2,77,18.13,1256.51,318.86,937.65,2780,না,অন্যান্য,2025-06-01
17,গ্রাম-3,77,1.29,89.38,96.08,0.0,2780,না,কৃষি,2025-06-02
17,গ্রাম-1,77,39.93,2767.43,256.62,2510.81,2780,না,স্যানিটেশন,2025-06-03
17,গ্রাম-3,77,20.96,1452.72,111.36,1341.36,2780,না,অন্যান্য,2025-06-04
17,গ্রাম-2,77,49.17,2780.0,310.68,2469.32,2780,না,কৃষি,2025-06-05
17,গ্রাম-1,77,44.62,2780.0,310.08,2469.92,2780,না,রান্না,2025-06-06
17,গ্রাম-3,77,22.46,1556.46,178.22,1378.24,2780,না,অন্যান্য,2025-06-07
17,গ্রাম-1,77,24.62,1705.86,423.65,1282.21,2780,না,অন্যান্য,2025-06-08
17,গ্রাম-3,77,0.0,0.25,73.72,0.0,2780,না,অন্যান্য,2025-06-09
17,গ্রাম-5,77,20.79,1440.79,133.25,1307.54,2780,না,অন্যান্য,2025-06-10
17,গ্রাম-4,77,11.17,773.98,296.38,477.6,2780,না,কৃষি,2025-06-11
17,গ্রাম-1,77,13.83,958.18,140.21,817.98,2780,না,স্যানিটেশন,2025-06-12
17,গ্রাম-4,77,35.3,2446.58,331.27,2115.31,2780,না,কৃষি,2025-06-13
17,গ্রাম-2,77,1.6,110.78,108.37,2.41,2780,না,অন্যান্য,2025-06-14
17,গ্রাম-4,77,42.35,2780.0,270.27,2509.73,2780,না,অন্যান্য,2025-06-15
17,গ্রাম-2,77,30.84,2137.19,465.17,1672.02,2780,না,স্যানিটেশন,2025-06-16
17,গ্রাম-3,77,41.75,2780.0,433.31,2346.69,2780,না,কৃষি,2025-06-17
17,গ্রাম-3,77,4.65,322.31,249.33,72.98,2780,না,রান্না,2025-06-18
17,গ্রাম-2,77,5.38,372.51,318.57,53.94,2780,না,রান্না,2025-06-19
17,গ্রাম-5,77,23.59,1634.57,190.39,1444.19,2780,না,স্যানিটেশন,2025-06-20
17,গ্রাম-2,77,41.62,2780.0,396.37,2383.63,2780,না,স্যানিটেশন,2025-06-21
17,গ্রাম-4,77,35.11,2432.8,236.93,2195.87,2780,না,রান্না,2025-06-22
17,গ্রাম-3,77,30.26,2096.86,100.73,1996.13,2780,না,কৃষি,2025-06-23
17,গ্রাম-2,77,49.15,2780.0,268.05,2511.95,2780,না,কৃষি,2025-06-24
17,গ্রাম-2,77,10.48,726.16,362.82,363.34,2780,না,রান্না,2025-06-25
17,গ্রাম-4,77,5.33,369.71,110.58,259.13,2780,না,স্যানিটেশন,2025-06-26
17,গ্রাম-2,77,38.0,2633.12,358.86,2274.27,2780,না,অন্যান্য,2025-06-27
17,গ্রাম-2,77,30.8,2134.38,137.31,1997.07,2780,না,অন্যান্য,2025-06-28
17,গ্রাম-1,77,26.23,1817.4,496.46,1320.95,2780,না,স্যানিটেশন,2025-06-29
17,গ্রাম-2,77,21.24,1472.12,345.96,1126.16,2780,না,কৃষি,2025-06-30
18,গ্রাম-4,53,18.62,888.08,169.7,718.38,2031,না,স্যানিটেশন,2025-06-01
18,গ্রাম-2,53,32.77,1563.14,274.02,1289.13,2031,না,রান্না,2025-06-02
18,গ্রাম-3,53,17.06,813.59,454.91,358.68,2031,না,রান্না,2025-06-03
18,গ্রাম-4,53,45.52,2031.0,358.15,1672.85,2031,না,স্যানিটেশন,2025-06-04
18,গ্রাম-4,53,19.63,936.5,114.18,822.33,2031,না,অন্যান্য,2025-06-05
18,গ্রাম-5,53,48.4,2031.0,161.85,1869.15,2031,না,রান্না,2025-06-06
18,গ্রাম-3,53,15.55,741.51,205.11,536.4,2031,না,অন্যান্য,2025-06-07
18,গ্রাম-3,53,34.97,1668.08,242.27,1425.81,2031,না,কৃষি,2025-06-08
18,গ্রাম-2,53,2.65,126.38,111.2,15.18,2031,না,রান্না,2025-06-09
18,গ্রাম-1,53,21.43,1022.42,334.31,688.11,2031,না,রান্না,2025-06-10
18,গ্রাম-3,53,6.03,287.54,264.27,23.26,2031,না,কৃষি,2025-06-11
18,গ্রাম-4,53,28.88,1377.64,485.02,892.62,2031,না,রান্না,2025-06-12
18,গ্রাম-2,53,46.69,2031.0,429.59,1601.41,2031,না,রান্না,2025-06-13
18,গ্রাম-1,53,15.09,719.98,338.21,381.77,2031,না,রান্না,2025-06-14
18,গ্রাম-3,53,2.35,111.87,109.04,2.83,2031,না,রান্না,2025-06-15
18,গ্রাম-5,53,2.2,105.11,102.36,2.75,2031,না,কৃষি,2025-06-16
18,গ্রাম-2,53,22.21,1059.59,211.77,847.82,2031,না,কৃষি,2025-06-17
18,গ্রাম-3,53,1.51,72.01,88.47,0.0,2031,না,স্যানিটেশন,2025-06-18
18,গ্রাম-3,53,46.97,2031.0,446.94,1584.06,2031,না,রান্না,2025-06-19
18,গ্রাম-3,53,43.64,2031.0,129.65,1901.35,2031,না,অন্যান্য,2025-06-20
18,গ্রাম-4,53,41.85,1996.45,272.13,1724.32,2031,না,কৃষি,2025-06-21
18,গ্রাম-2,53,10.56,503.71,384.85,118.86,2031,না,রান্না,2025-06-22
18,গ্রাম-2,53,43.81,2031.0,133.56,1897.44,2031,না,রান্না,2025-06-23
18,গ্রাম-1,53,39.54,1886.12,179.88,1706.24,2031,না,অন্যান্য,2025-06-24
18,গ্রাম-4,53,23.97,1143.38,410.25,733.13,2031,না,স্যানিটেশন,2025-06-25
18,গ্রাম-3,53,23.58,1124.91,399.0,725.91,2031,না,স্যানিটেশন,2025-06-26
18,গ্রাম-2,53,18.2,868.28,119.08,749.2,2031,না,রান্না,2025-06-27
18,গ্রাম-3,53,35.87,1710.78,150.4,1560.38,2031,না,রান্না,2025-06-28
18,গ্রাম-5,53,39.22,1870.68,161.67,1709.01,2031,না,স্যানিটেশন,2025-06-29
18,গ্রাম-1,53,3.53,168.28,149.8,18.49,2031,না,অন্যান্য,2025-06-30
19,গ্রাম-1,34,21.3,651.66,253.58,398.08,2483,না,রান্না,2025-06-01
19,গ্রাম-1,34,32.08,981.75,380.36,601.39,2483,না,কৃষি,2025-06-02
19,গ্রাম-5,34,41.18,1260.15,142.1,1118.05,2483,না,স্যানিটেশন,2025-06-03
19,গ্রাম-1,34,26.59,813.59,308.33,505.27,2483,না,স্যানিটেশন,2025-06-04
19,গ্রাম-5,34,40.97,1253.8,171.2,1082.6,2483,না,স্যানিটেশন,2025-06-05
19,গ্রাম-1,34,19.35,592.15,106.02,486.13,2483,না,কৃষি,2025-06-06
19,গ্রাম-5,34,2.29,70.17,93.73,0.0,2483,না,অন্যান্য,2025-06-07
19,গ্রাম-1,34,15.94,487.72,448.44,39.28,2483,না,স্যানিটেশন,2025-06-08
19,গ্রাম-2,34,40.5,1239.34,407.24,832.1,2483,না,রান্না,2025-06-09
19,গ্রাম-2,34,21.07,644.86,250.25,394.6,2483,না,অন্যান্য,2025-06-10
19,গ্রাম-1,34,6.93,212.07,178.75,33.32,2483,না,রান্না,2025-06-11
19,গ্রাম-3,34,35.42,1083.89,340.89,743.01,2483,না,স্যানিটেশন,2025-06-12
19,গ্রাম-2,34,49.41,1511.87,372.49,1139.38,2483,না,স্যানিটেশন,2025-06-13
19,গ্রাম-2,34,29.53,903.68,482.46,421.22,2483,না,অন্যান্য,2025-06-14
19,গ্রাম-3,34,38.06,1164.55,333.63,830.92,2483,না,অন্যান্য,2025-06-15
19,গ্রাম-1,34,20.45,625.64,419.06,206.58,2483,না,কৃষি,2025-06-16
19,গ্রাম-2,34,41.46,1268.82,390.93,877.89,2483,না,রান্না,2025-06-17
19,গ্রাম-2,34,8.41,257.23,194.69,62.53,2483,না,অন্যান্য,2025-06-18
19,গ্রাম-4,34,24.69,755.54,479.12,276.42,2483,না,রান্না,2025-06-19
19,গ্রাম-2,34,0.87,26.74,98.58,0.0,2483,না,কৃষি,2025-06-20
19,গ্রাম-3,34,11.13,340.58,246.31,94.27,2483,না,রান্না,2025-06-21
19,গ্রাম-4,34,5.38,164.63,118.14,46.49,2483,না,রান্না,2025-06-22
19,গ্রাম-2,34,30.96,947.38,437.96,509.42,2483,না,কৃষি,2025-06-23
19,গ্রাম-5,34,10.11,309.45,157.04,152.41,2483,না,স্যানিটেশন,2025-06-24
19,গ্রাম-1,34,29.67,907.87,406.19,501.68,2483,না,কৃষি,2025-06-25
19,গ্রাম-4,34,17.71,541.93,119.09,422.84,2483,না,অন্যান্য,2025-06-26
19,গ্রাম-5,34,15.89,486.34,412.73,73.61,2483,না,স্যানিটেশন,2025-06-27
19,গ্রাম-4,34,17.43,533.42,310.88,222.54,2483,না,রান্না,2025-06-28
19,গ্রাম-1,34,47.02,1438.92,265.56,1173.35,2483,না,রান্না,2025-06-29
19,গ্রাম-5,34,40.5,1239.16,239.44,999.72,2483,না,স্যানিটেশন,2025-06-30
20,গ্রাম-3,79,48.81,1200.0,268.58,931.42,1200,না,অন্যান্য,2025-06-01
20,গ্রাম-5,79,12.39,881.05,422.5,458.55,1200,না,স্যানিটেশন,2025-06-02
20,গ্রাম-2,79,4.27,303.61,273.75,29.86,1200,না,কৃষি,2025-06-03
20,গ্রাম-2,79,32.16,1200.0,358.58,841.42,1200,না,কৃষি,2025-06-04
20,গ্রাম-4,79,46.0,1200.0,203.27,996.73,1200,না,স্যানিটেশন,2025-06-05
20,গ্রাম-3,79,48.9,1200.0,170.09,1029.91,1200,না,রান্না,2025-06-06
20,গ্রাম-3,79,1.78,126.63,107.94,18.69,1200,না,রান্না,2025-06-07
20,গ্রাম-5,79,19.88,1200.0,220.07,979.93,1200,না,অন্যান্য,2025-06-08
20,গ্রাম-4,79,0.47,33.37,65.83,0.0,1200,না,স্যানিটেশন,2025-06-09
20,গ্রাম-1,79,7.85,557.87,484.91,72.95,1200,না,কৃষি,2025-06-10
20,গ্রাম-2,79,17.23,1200.0,254.02,945.98,1200,না,রান্না,2025-06-11
20,গ্রাম-3,79,25.85,1200.0,251.4,948.6,1200,না,স্যানিটেশন,2025-06-12
20,গ্রাম-3,79,9.84,699.64,189.0,510.64,1200,না,স্যানিটেশন,2025-06-13
20,গ্রাম-1,79,28.92,1200.0,319.23,880.77,1200,না,অন্যান্য,2025-06-14
20,গ্রাম-5,79,39.21,1200.0,213.35,986.65,1200,না,অন্যান্য,2025-06-15
20,গ্রাম-3,79,41.65,1200.0,124.95,1075.05,1200,না,স্যানিটেশন,2025-06-16
20,গ্রাম-2,79,7.9,561.73,225.34,336.39,1200,না,কৃষি,2025-06-17
20,গ্রাম-4,79,14.2,1009.89,315.19,694.71,1200,না,কৃষি,2025-06-18
20,গ্রাম-3,79,26.99,1200.0,284.93,915.07,1200,না,অন্যান্য,2025-06-19
20,গ্রাম-5,79,47.15,1200.0,327.48,872.52,1200,না,রান্না,2025-06-20
20,গ্রাম-2,79,4.61,327.88,109.86,218.01,1200,না,রান্না,2025-06-21
20,গ্রাম-4,79,23.65,1200.0,480.24,719.76,1200,না,অন্যান্য,2025-06-22
20,গ্রাম-1,79,40.41,1200.0,197.53,1002.47,1200,না,অন্যান্য,2025-06-23
20,গ্রাম-5,79,21.3,1200.0,481.73,718.27,1200,না,কৃষি,2025-06-24
20,গ্রাম-1,79,34.27,1200.0,193.55,1006.45,1200,না,রান্না,2025-06-25
20,গ্রাম-3,79,9.71,690.43,323.72,366.71,1200,না,অন্যান্য,2025-06-26
20,গ্রাম-2,79,3.96,281.35,123.96,157.38,1200,না,স্যানিটেশন,2025-06-27
20,গ্রাম-3,79,18.59,1200.0,477.6,722.4,1200,না,কৃষি,2025-06-28
20,গ্রাম-5,79,18.96,1200.0,229.57,970.43,1200,না,রান্না,2025-06-29
20,গ্রাম-4,79,26.96,1200.0,307.34,892.66,1200,না,অন্যান্য,2025-06-30
21,গ্রাম-1,60,32.26,1444.0,345.29,1098.71,1444,না,অন্যান্য,2025-06-01
21,গ্রাম-4,60,26.34,1422.37,205.33,1217.04,1444,না,স্যানিটেশন,2025-06-02
21,গ্রাম-4,60,35.27,1444.0,445.25,998.75,1444,না,রান্না,2025-06-03
21,গ্রাম-4,60,47.15,1444.0,457.01,986.99,1444,না,রান্না,2025-06-04
21,গ্রাম-2,60,29.38,1444.0,233.05,1210.95,1444,না,অন্যান্য,2025-06-05
21,গ্রাম-2,60,17.99,971.46,196.38,775.08,1444,না,রান্না,2025-06-06
21,গ্রাম-5,60,0.17,9.26,16.36,0.0,1444,না,রান্না,2025-06-07
21,গ্রাম-1,60,17.29,933.56,316.94,616.62,1444,না,অন্যান্য,2025-06-08
21,গ্রাম-5,60,46.26,1444.0,146.94,1297.06,1444,না,রান্না,2025-06-09
21,গ্রাম-3,60,25.04,1352.41,338.46,1013.95,1444,না,কৃষি,2025-06-10
21,গ্রাম-3,60,22.15,1196.04,198.03,998.01,1444,না,স্যানিটেশন,2025-06-11
21,গ্রাম-5,60,38.14,1444.0,396.18,1047.82,1444,না,স্যানিটেশন,2025-06-12
21,গ্রাম-1,60,44.4,1444.0,345.24,1098.76,1444,না,অন্যান্য,2025-06-13
21,গ্রাম-1,60,40.69,1444.0,295.01,1148.99,1444,না,কৃষি,2025-06-14
21,গ্রাম-5,60,48.12,1444.0,451.96,992.04,1444,না,স্যানিটেশন,2025-06-15
21,গ্রাম-2,60,22.81,1231.6,140.96,1090.64,1444,না,রান্না,2025-06-16
21,গ্রাম-5,60,30.31,1444.0,259.15,1184.85,1444,না,স্যানিটেশন,2025-06-17
21,গ্রাম-2,60,26.6,1436.37,499.15,937.22,1444,না,স্যানিটেশন,2025-06-18
21,গ্রাম-1,60,34.01,1444.0,275.05,1168.95,1444,না,স্যানিটেশন,2025-06-19
21,গ্রাম-2,60,49.73,1444.0,384.38,1059.62,1444,না,অন্যান্য,2025-06-20
21,গ্রাম-1,60,24.53,1324.72,472.32,852.39,1444,না,রান্না,2025-06-21
21,গ্রাম-3,60,21.71,1172.1,431.53,740.57,1444,না,স্যানিটেশন,2025-06-22
21,গ্রাম-4,60,39.18,1444.0,334.64,1109.36,1444,না,কৃষি,2025-06-23
21,গ্রাম-5,60,5.12,276.7,186.31,90.39,1444,না,অন্যান্য,2025-06-24
21,গ্রাম-4,60,12.12,654.4,369.08,285.32,1444,না,কৃষি,2025-06-25
21,গ্রাম-5,60,0.36,19.48,54.88,0.0,1444,না,রান্না,2025-06-26
21,গ্রাম-3,60,28.92,1444.0,436.83,1007.17,1444,না,অন্যান্য,2025-06-27
21,গ্রাম-3,60,37.31,1444.0,260.75,1183.25,1444,না,স্যানিটেশন,2025-06-28
21,গ্রাম-2,60,8.03,433.41,384.23,49.17,1444,না,স্যানিটেশন,2025-06-29
21,গ্রাম-5,60,35.72,1444.0,101.8,1342.2,1444,না,স্যানিটেশন,2025-06-30
22,গ্রাম-4,33,15.6,463.31,380.27,83.05,2259,না,স্যানিটেশন,2025-06-01
22,গ্রাম-3,33,25.73,764.25,288.35,475.9,2259,না,কৃষি,2025-06-02
22,গ্রাম-3,33,42.39,1259.0,110.15,1148.85,2259,না,কৃষি,2025-06-03
22,গ্রাম-5,33,0.21,6.37,46.77,0.0,2259,না,অন্যান্য,2025-06-04
22,গ্রাম-4,33,45.27,1344.55,326.97,1017.58,2259,না,কৃষি,2025-06-05
22,গ্রাম-3,33,46.5,1381.07,111.18,1269.88,2259,না,স্যানিটেশন,2025-06-06
22,গ্রাম-2,33,22.88,679.59,161.82,517.76,2259,না,কৃষি,2025-06-07
22,গ্রাম-2,33,24.23,719.48,316.76,402.73,2259,না,স্যানিটেশন,2025-06-08
22,গ্রাম-2,33,44.51,1321.98,111.46,1210.53,2259,না,স্যানিটেশন,2025-06-09
22,গ্রাম-1,33,19.96,592.8,269.19,323.6,2259,না,রান্না,2025-06-10
22,গ্রাম-5,33,39.16,1163.1,404.51,758.58,2259,না,রান্না,2025-06-11
22,গ্রাম-4,33,47.29,1404.43,299.32,1105.11,2259,না,স্যানিটেশন,2025-06-12
22,গ্রাম-5,33,24.02,713.42,296.49,416.92,2259,না,রান্না,2025-06-13
22,গ্রাম-3,33,16.99,504.54,477.13,27.41,2259,না,অন্যান্য,2025-06-14
22,গ্রাম-3,33,13.26,393.96,318.2,75.77,2259,না,অন্যান্য,2025-06-15
22,গ্রাম-1,33,20.16,598.6,367.4,231.21,2259,না,স্যানিটেশন,2025-06-16
22,গ্রাম-2,33,36.61,1087.28,426.35,660.93,2259,না,রান্না,2025-06-17
22,গ্রাম-3,33,20.45,607.46,435.16,172.3,2259,না,কৃষি,2025-06-18
22,গ্রাম-2,33,49.17,1460.32,361.55,1098.77,2259,না,রান্না,2025-06-19
22,গ্রাম-1,33,33.42,992.57,349.48,643.09,2259,না,কৃষি,2025-06-20
22,গ্রাম-2,33,17.85,530.2,162.45,367.75,2259,না,কৃষি,2025-06-21
22,গ্রাম-1,33,8.66,257.34,235.51,21.84,2259,না,অন্যান্য,2025-06-22
22,গ্রাম-1,33,24.75,734.95,268.18,466.77,2259,না,অন্যান্য,2025-06-23
22,গ্রাম-3,33,25.51,757.79,193.12,564.67,2259,না,কৃষি,2025-06-24
22,গ্রাম-2,33,23.46,696.72,116.14,580.59,2259,না,স্যানিটেশন,2025-06-25
22,গ্রাম-2,33,16.54,491.31,371.36,119.95,2259,না,অন্যান্য,2025-06-26
22,গ্রাম-5,33,1.1,32.78,65.61,0.0,2259,না,কৃষি,2025-06-27
22,গ্রাম-4,33,34.3,1018.77,303.71,715.06,2259,না,স্যানিটেশন,2025-06-28
22,গ্রাম-4,33,15.5,460.44,188.78,271.66,2259,না,রান্না,2025-06-29
22,গ্রাম-1,33,15.49,460.03,187.13,272.9,2259,না,রান্না,2025-06-30
23,গ্রাম-2,56,45.79,2305.0,110.02,2194.98,2305,না,অন্যান্য,2025-06-01
23,গ্রাম-3,56,18.25,919.74,240.32,679.42,2305,না,রান্না,2025-06-02
23,গ্রাম-4,56,47.7,2305.0,252.85,2052.15,2305,না,রান্না,2025-06-03
23,গ্রাম-1,56,5.24,264.3,133.12,131.18,2305,না,রান্না,2025-06-04
23,গ্রাম-4,56,24.98,1259.13,133.08,1126.05,2305,না,অন্যান্য,2025-06-05
23,গ্রাম-5,56,28.24,1423.18,470.13,953.04,2305,না,কৃষি,2025-06-06
23,গ্রাম-3,56,49.44,2305.0,299.94,2005.06,2305,না,রান্না,2025-06-07
23,গ্রাম-1,56,18.44,929.38,191.43,737.94,2305,না,রান্না,2025-06-08
23,গ্রাম-3,56,11.83,596.34,239.71,356.64,2305,না,কৃষি,2025-06-09
23,গ্রাম-4,56,7.96,401.25,372.28,28.97,2305,না,কৃষি,2025-06-10
23,গ্রাম-2,56,14.1,710.5,191.75,518.75,2305,না,অন্যান্য,2025-06-11
23,গ্রাম-4,56,21.06,1061.51,388.4,673.1,2305,না,কৃষি,2025-06-12
23,গ্রাম-5,56,17.83,898.61,435.08,463.53,2305,না,স্যানিটেশন,2025-06-13
23,গ্রাম-2,56,10.4,524.02,335.75,188.27,2305,না,অন্যান্য,2025-06-14
23,গ্রাম-4,56,39.96,2013.83,478.57,1535.26,2305,না,রান্না,2025-06-15
23,গ্রাম-5,56,23.88,1203.7,435.37,768.33,2305,না,রান্না,2025-06-16
23,গ্রাম-2,56,1.37,69.28,85.16,0.0,2305,না,রান্না,2025-06-17
23,গ্রাম-5,56,11.09,558.92,438.22,120.7,2305,না,স্যানিটেশন,2025-06-18
23,গ্রাম-1,56,5.56,280.34,120.08,160.26,2305,না,অন্যান্য,2025-06-19
23,গ্রাম-3,56,3.24,163.15,154.05,9.09,2305,না,কৃষি,2025-06-20
23,গ্রাম-1,56,32.49,1637.64,192.36,1445.28,2305,না,স্যানিটেশন,2025-06-21
23,গ্রাম-1,56,3.73,187.79,125.65,62.14,2305,না,কৃষি,2025-06-22
23,গ্রাম-4,56,11.27,568.25,346.83,221.42,2305,না,স্যানিটেশন,2025-06-23
23,গ্রাম-4,56,46.2,2305.0,279.28,2025.72,2305,না,রান্না,2025-06-24
23,গ্রাম-1,56,33.18,1672.48,272.97,1399.51,2305,না,অন্যান্য,2025-06-25
23,গ্রাম-5,56,40.71,2051.74,338.07,1713.67,2305,না,স্যানিটেশন,2025-06-26
23,গ্রাম-5,56,6.63,334.15,151.54,182.61,2305,না,অন্যান্য,2025-06-27
23,গ্রাম-2,56,13.7,690.46,460.18,230.28,2305,না,কৃষি,2025-06-28
23,গ্রাম-5,56,5.82,293.42,128.74,164.67,2305,না,কৃষি,2025-06-29
23,গ্রাম-4,56,48.39,2305.0,398.08,1906.92,2305,না,কৃষি,2025-06-30
24,গ্রাম-1,52,0.6,28.18,32.95,0.0,1675,না,কৃষি,2025-06-01
24,গ্রাম-1,52,1.07,49.85,78.93,0.0,1675,না,স্যানিটেশন,2025-06-02
24,গ্রাম-1,52,13.13,614.65,188.74,425.9,1675,না,স্যানিটেশন,2025-06-03
24,গ্রাম-5,52,37.16,1675.0,287.02,1387.98,1675,না,রান্না,2025-06-04
24,গ্রাম-4,52,43.49,1675.0,449.7,1225.3,1675,না,স্যানিটেশন,2025-06-05
24,গ্রাম-5,52,11.01,515.1,497.92,17.17,1675,না,কৃষি,2025-06-06
24,গ্রাম-1,52,22.18,1038.07,459.5,578.57,1675,না,অন্যান্য,2025-06-07
24,গ্রাম-4,52,1.01,47.13,84.85,0.0,1675,না,কৃষি,2025-06-08
24,গ্রাম-1,52,32.43,1517.71,461.84,1055.87,1675,না,স্যানিটেশন,2025-06-09
24,গ্রাম-3,52,38.14,1675.0,141.18,1533.82,1675,না,অন্যান্য,2025-06-10
24,গ্রাম-2,52,47.2,1675.0,214.9,1460.1,1675,না,অন্যান্য,2025-06-11
24,গ্রাম-2,52,24.47,1145.4,279.3,866.1,1675,না,স্যানিটেশন,2025-06-12
24,গ্রাম-1,52,7.76,363.1,351.47,11.63,1675,না,স্যানিটেশন,2025-06-13
24,গ্রাম-4,52,3.47,162.36,120.21,42.15,1675,না,রান্না,2025-06-14
24,গ্রাম-5,52,30.47,1425.9,263.96,1161.94,1675,না,অন্যান্য,2025-06-15
24,গ্রাম-5,52,3.35,156.8,116.04,40.76,1675,না,কৃষি,2025-06-16
24,গ্রাম-1,52,22.17,1037.39,378.53,658.86,1675,না,রান্না,2025-06-17
24,গ্রাম-2,52,13.61,636.73,406.63,230.1,1675,না,স্যানিটেশন,2025-06-18
24,গ্রাম-3,52,2.09,97.64,97.83,0.0,1675,না,কৃষি,2025-06-19
24,গ্রাম-4,52,9.83,459.92,154.67,305.25,1675,না,রান্না,2025-06-20
24,গ্রাম-5,52,49.59,1675.0,231.55,1443.45,1675,না,রান্না,2025-06-21
24,গ্রাম-1,52,28.36,1327.39,170.96,1156.43,1675,না,স্যানিটেশন,2025-06-22
24,গ্রাম-3,52,6.17,288.66,122.08,166.58,1675,না,স্যানিটেশন,2025-06-23
24,গ্রাম-5,52,10.27,480.69,375.63,105.05,1675,না,কৃষি,2025-06-24
24,গ্রাম-2,52,42.93,1675.0,433.84,1241.16,1675,না,কৃষি,2025-06-25
24,গ্রাম-5,52,23.42,1096.19,134.11,962.08,1675,না,রান্না,2025-06-26
24,গ্রাম-1,52,42.38,1675.0,276.91,1398.09,1675,না,রান্না,2025-06-27
24,গ্রাম-2,52,46.19,1675.0,315.33,1359.67,1675,না,অন্যান্য,2025-06-28
24,গ্রাম-1,52,15.08,705.6,403.97,301.63,1675,না,স্যানিটেশন,2025-06-29
24,গ্রাম-2,52,21.01,983.33,359.13,624.2,1675,না,অন্যান্য,2025-06-30
25,গ্রাম-5,77,34.52,1770.0,158.2,1611.8,1770,না,অন্যান্য,2025-06-01
25,গ্রাম-4,77,19.59,1357.31,152.45,1204.86,1770,না,কৃষি,2025-06-02
25,গ্রাম-2,77,7.58,525.54,490.59,34.95,1770,না,কৃষি,2025-06-03
25,গ্রাম-2,77,43.9,1770.0,469.97,1300.03,1770,না,অন্যান্য,2025-06-04
25,গ্রাম-4,77,22.44,1555.32,295.14,1260.18,1770,না,স্যানিটেশন,2025-06-05
25,গ্রাম-4,77,38.62,1770.0,302.79,1467.21,1770,না,কৃষি,2025-06-06
25,গ্রাম-4,77,34.98,1770.0,277.41,1492.59,1770,না,স্যানিটেশন,2025-06-07
25,গ্রাম-3,77,33.59,1770.0,497.69,1272.31,1770,না,স্যানিটেশন,2025-06-08
25,গ্রাম-1,77,11.22,777.62,426.11,351.51,1770,না,অন্যান্য,2025-06-09
25,গ্রাম-5,77,32.42,1770.0,267.71,1502.29,1770,না,অন্যান্য,2025-06-10
25,গ্রাম-5,77,41.53,1770.0,328.9,1441.1,1770,না,কৃষি,2025-06-11
25,গ্রাম-4,77,12.93,895.73,176.9,718.83,1770,না,রান্না,2025-06-12
25,গ্রাম-3,77,12.45,862.61,193.07,669.54,1770,না,স্যানিটেশন,2025-06-13
25,গ্রাম-2,77,39.3,1770.0,249.27,1520.73,1770,না,কৃষি,2025-06-14
25,গ্রাম-4,77,32.89,1770.0,241.69,1528.31,1770,না,অন্যান্য,2025-06-15
25,গ্রাম-5,77,6.96,482.47,207.53,274.94,1770,না,অন্যান্য,2025-06-16
25,গ্রাম-2,77,37.68,1770.0,479.48,1290.52,1770,না,রান্না,2025-06-17
25,গ্রাম-3,77,19.42,1345.71,128.99,1216.72,1770,না,অন্যান্য,2025-06-18
25,গ্রাম-2,77,13.19,913.93,202.23,711.71,1770,না,অন্যান্য,2025-06-19
25,গ্রাম-3,77,28.28,1770.0,279.75,1490.25,1770,না,কৃষি,2025-06-20
25,গ্রাম-3,77,16.68,1155.78,387.03,768.75,1770,না,স্যানিটেশন,2025-06-21
25,গ্রাম-4,77,27.01,1770.0,467.64,1302.36,1770,না,অন্যান্য,2025-06-22
25,গ্রাম-5,77,32.47,1770.0,189.52,1580.48,1770,না,কৃষি,2025-06-23
25,গ্রাম-1,77,45.59,1770.0,499.95,1270.05,1770,না,রান্না,2025-06-24
25,গ্রাম-2,77,35.18,1770.0,157.88,1612.12,1770,না,স্যানিটেশন,2025-06-25
25,গ্রাম-1,77,7.8,540.69,169.07,371.61,1770,না,স্যানিটেশন,2025-06-26
25,গ্রাম-4,77,45.8,1770.0,297.82,1472.18,1770,না,অন্যান্য,2025-06-27
25,গ্রাম-3,77,49.62,1770.0,216.44,1553.56,1770,না,অন্যান্য,2025-06-28
25,গ্রাম-2,77,21.88,1516.44,332.66,1183.78,1770,না,স্যানিটেশন,2025-06-29
25,গ্রাম-4,77,33.49,1770.0,208.49,1561.51,1770,না,কৃষি,2025-06-30
26,গ্রাম-3,85,29.56,1480.0,280.88,1199.12,1480,না,রান্না,2025-06-01
26,গ্রাম-4,85,38.18,1480.0,231.83,1248.17,1480,না,স্যানিটেশন,2025-06-02
26,গ্রাম-4,85,19.2,1468.94,423.16,1045.78,1480,না,অন্যান্য,2025-06-03
26,গ্রাম-3,85,33.04,1480.0,275.54,1204.46,1480,না,কৃষি,2025-06-04
26,গ্রাম-5,85,9.76,746.99,481.99,265.0,1480,না,অন্যান্য,2025-06-05
26,গ্রাম-2,85,8.25,631.5,357.23,274.27,1480,না,কৃষি,2025-06-06
26,গ্রাম-2,85,13.14,1005.2,470.18,535.02,1480,না,কৃষি,2025-06-07
26,গ্রাম-1,85,38.65,1480.0,180.41,1299.59,1480,না,অন্যান্য,2025-06-08
26,গ্রাম-5,85,30.19,1480.0,324.91,1155.09,1480,না,অন্যান্য,2025-06-09
26,গ্রাম-2,85,42.4,1480.0,395.5,1084.5,1480,না,স্যানিটেশন,2025-06-10
26,গ্রাম-3,85,18.5,1415.22,123.66,1291.56,1480,না,অন্যান্য,2025-06-11
26,গ্রাম-2,85,33.78,1480.0,100.78,1379.22,1480,না,অন্যান্য,2025-06-12
26,গ্রাম-4,85,19.38,1480.0,489.06,990.94,1480,না,স্যানিটেশন,2025-06-13
26,গ্রাম-3,85,36.98,1480.0,367.2,1112.8,1480,না,রান্না,2025-06-14
26,গ্রাম-1,85,34.07,1480.0,266.99,1213.01,1480,না,কৃষি,2025-06-15
26,গ্রাম-1,85,14.49,1108.51,294.72,813.79,1480,না,কৃষি,2025-06-16
26,গ্রাম-4,85,27.13,1480.0,194.81,1285.19,1480,না,কৃষি,2025-06-17
26,গ্রাম-1,85,1.29,98.72,99.56,0.0,1480,না,স্যানিটেশন,2025-06-18
26,গ্রাম-4,85,45.78,1480.0,457.06,1022.94,1480,না,কৃষি,2025-06-19
26,গ্রাম-3,85,47.99,1480.0,148.73,1331.27,1480,না,স্যানিটেশন,2025-06-20
26,গ্রাম-5,85,17.0,1300.43,143.86,1156.57,1480,না,স্যানিটেশন,2025-06-21
26,গ্রাম-5,85,19.53,1480.0,127.61,1352.39,1480,না,কৃষি,2025-06-22
26,গ্রাম-2,85,11.07,846.74,277.33,569.42,1480,না,স্যানিটেশন,2025-06-23
26,গ্রাম-4,85,23.85,1480.0,282.77,1197.23,1480,না,কৃষি,2025-06-24
26,গ্রাম-5,85,35.84,1480.0,173.64,1306.36,1480,না,কৃষি,2025-06-25
26,গ্রাম-5,85,45.85,1480.0,280.85,1199.15,1480,না,স্যানিটেশন,2025-06-26
26,গ্রাম-4,85,24.38,1480.0,374.04,1105.96,1480,না,কৃষি,2025-06-27
26,গ্রাম-3,85,28.52,1480.0,206.55,1273.45,1480,না,স্যানিটেশন,2025-06-28
26,গ্রাম-1,85,10.93,835.88,455.68,380.2,1480,না,অন্যান্য,2025-06-29
26,গ্রাম-3,85,9.62,735.91,105.47,630.44,1480,না,রান্না,2025-06-30
27,গ্রাম-3,96,3.79,327.73,165.29,162.44,1523,না,অন্যান্য,2025-06-01
27,গ্রাম-3,96,21.43,1523.0,433.17,1089.83,1523,না,রান্না,2025-06-02
27,গ্রাম-1,96,34.52,1523.0,296.81,1226.19,1523,না,কৃষি,2025-06-03
27,গ্রাম-4,96,2.29,197.69,125.62,72.08,1523,না,অন্যান্য,2025-06-04
27,গ্রাম-4,96,37.17,1523.0,108.91,1414.09,1523,না,কৃষি,2025-06-05
27,গ্রাম-4,96,36.42,1523.0,180.84,1342.16,1523,না,কৃষি,2025-06-06
27,গ্রাম-1,96,34.77,1523.0,185.71,1337.29,1523,না,কৃষি,2025-06-07
27,গ্রাম-1,96,23.84,1523.0,213.45,1309.55,1523,না,কৃষি,2025-06-08
27,গ্রাম-5,96,44.96,1523.0,286.21,1236.79,1523,না,কৃষি,2025-06-09
27,গ্রাম-2,96,9.53,823.59,263.29,560.3,1523,না,কৃষি,2025-06-10
27,গ্রাম-5,96,29.71,1523.0,337.91,1185.09,1523,না,স্যানিটেশন,2025-06-11
27,গ্রাম-4,96,28.31,1523.0,144.78,1378.22,1523,না,রান্না,2025-06-12
27,গ্রাম-4,96,29.46,1523.0,419.58,1103.42,1523,না,কৃষি,2025-06-13
27,গ্রাম-3,96,41.02,1523.0,260.98,1262.02,1523,না,স্যানিটেশন,2025-06-14
27,গ্রাম-5,96,6.94,599.78,323.44,276.34,1523,না,স্যানিটেশন,2025-06-15
27,গ্রাম-5,96,48.47,1523.0,103.83,1419.17,1523,না,রান্না,2025-06-16
27,গ্রাম-1,96,7.88,680.6,449.81,230.79,1523,না,স্যানিটেশন,2025-06-17
27,গ্রাম-2,96,3.8,328.59,260.84,67.75,1523,না,কৃষি,2025-06-18
27,গ্রাম-3,96,3.25,280.82,261.46,19.36,1523,না,রান্না,2025-06-19
27,গ্রাম-3,96,43.6,1523.0,183.22,1339.78,1523,না,কৃষি,2025-06-20
27,গ্রাম-5,96,12.29,1061.71,114.39,947.33,1523,না,রান্না,2025-06-21
27,গ্রাম-4,96,46.52,1523.0,383.58,1139.42,1523,না,অন্যান্য,2025-06-22
27,গ্রাম-4,96,6.58,568.46,309.08,259.38,1523,না,অন্যান্য,2025-06-23
27,গ্রাম-5,96,12.82,1107.22,152.17,955.05,1523,না,রান্না,2025-06-24
27,গ্রাম-4,96,14.35,1239.48,394.34,845.14,1523,না,অন্যান্য,2025-06-25
27,গ্রাম-2,96,16.24,1402.9,419.09,983.8,1523,না,অন্যান্য,2025-06-26
27,গ্রাম-5,96,40.34,1523.0,249.71,1273.29,1523,না,রান্না,2025-06-27
27,গ্রাম-1,96,30.61,1523.0,487.88,1035.12,1523,না,কৃষি,2025-06-28
27,গ্রাম-5,96,44.65,1523.0,129.98,1393.02,1523,না,অন্যান্য,2025-06-29
27,গ্রাম-5,96,10.15,877.12,208.79,668.32,1523,না,স্যানিটেশন,2025-06-30
28,গ্রাম-1,57,37.38,1745.0,290.58,1454.42,1745,না,রান্না,2025-06-01
28,গ্রাম-3,57,23.55,1208.19,370.14,838.05,1745,না,রান্না,2025-06-02
28,গ্রাম-2,57,11.65,597.7,242.96,354.75,1745,না,রান্না,2025-06-03
28,গ্রাম-4,57,33.45,1716.09,421.05,1295.03,1745,না,কৃষি,2025-06-04
28,গ্রাম-2,57,2.32,118.81,103.54,15.27,1745,না,অন্যান্য,2025-06-05
28,গ্রাম-1,57,43.26,1745.0,365.54,1379.46,1745,না,অন্যান্য,2025-06-06
28,গ্রাম-5,57,31.73,1627.95,214.29,1413.66,1745,না,স্যানিটেশন,2025-06-07
28,গ্রাম-3,57,14.28,732.62,273.48,459.14,1745,না,অন্যান্য,2025-06-08
28,গ্রাম-3,57,20.8,1067.06,227.79,839.27,1745,না,স্যানিটেশন,2025-06-09
28,গ্রাম-3,57,10.78,553.22,459.59,93.63,1745,না,স্যানিটেশন,2025-06-10
28,গ্রাম-5,57,39.95,1745.0,438.58,1306.42,1745,না,অন্যান্য,2025-06-11
28,গ্রাম-1,57,20.35,1043.85,471.82,572.04,1745,না,অন্যান্য,2025-06-12
28,গ্রাম-2,57,26.61,1365.22,476.23,888.99,1745,না,অন্যান্য,2025-06-13
28,গ্রাম-2,57,26.75,1372.48,135.71,1236.77,1745,না,অন্যান্য,2025-06-14
28,গ্রাম-5,57,12.74,653.35,232.21,421.14,1745,না,অন্যান্য,2025-06-15
28,গ্রাম-1,57,45.46,1745.0,365.14,1379.86,1745,না,রান্না,2025-06-16
28,গ্রাম-2,57,4.96,254.57,119.2,135.37,1745,না,স্যানিটেশন,2025-06-17
28,গ্রাম-5,57,41.01,1745.0,265.58,1479.42,1745,না,রান্না,2025-06-18
28,গ্রাম-1,57,26.7,1369.66,182.18,1187.49,1745,না,রান্না,2025-06-19
28,গ্রাম-5,57,26.31,1349.86,435.87,913.99,1745,না,স্যানিটেশন,2025-06-20
28,গ্রাম-3,57,48.31,1745.0,321.03,1423.97,1745,না,রান্না,2025-06-21
28,গ্রাম-4,57,11.08,568.46,325.42,243.05,1745,না,অন্যান্য,2025-06-22
28,গ্রাম-5,57,33.37,1711.93,315.49,1396.44,1745,না,স্যানিটেশন,2025-06-23
28,গ্রাম-1,57,27.83,1427.58,309.21,1118.38,1745,না,কৃষি,2025-06-24
28,গ্রাম-5,57,42.16,1745.0,216.17,1528.83,1745,না,স্যানিটেশন,2025-06-25
28,গ্রাম-4,57,23.09,1184.27,412.5,771.78,1745,না,কৃষি,2025-06-26
28,গ্রাম-3,57,35.75,1745.0,442.62,1302.38,1745,না,স্যানিটেশন,2025-06-27
28,গ্রাম-2,57,13.75,705.52,437.38,268.14,1745,না,কৃষি,2025-06-28
28,গ্রাম-4,57,36.7,1745.0,327.71,1417.29,1745,না,অন্যান্য,2025-06-29
28,গ্রাম-4,57,22.55,1156.67,420.24,736.43,1745,না,অন্যান্য,2025-06-30
29,গ্রাম-2,73,37.62,1107.0,417.16,689.84,1107,না,স্যানিটেশন,2025-06-01
29,গ্রাম-2,73,1.37,90.07,92.28,0.0,1107,না,কৃষি,2025-06-02
29,গ্রাম-1,73,31.95,1107.0,106.55,1000.45,1107,না,অন্যান্য,2025-06-03
29,গ্রাম-5,73,17.19,1107.0,145.15,961.85,1107,না,স্যানিটেশন,2025-06-04
29,গ্রাম-2,73,35.36,1107.0,291.34,815.66,1107,না,কৃষি,2025-06-05
29,গ্রাম-3,73,2.98,196.06,156.49,39.56,1107,না,স্যানিটেশন,2025-06-06
29,গ্রাম-1,73,44.05,1107.0,188.24,918.76,1107,না,রান্না,2025-06-07
29,গ্রাম-1,73,49.51,1107.0,419.43,687.57,1107,না,রান্না,2025-06-08
29,গ্রাম-2,73,24.15,1107.0,498.99,608.01,1107,না,রান্না,2025-06-09
29,গ্রাম-3,73,46.77,1107.0,420.04,686.96,1107,না,রান্না,2025-06-10
29,গ্রাম-1,73,36.44,1107.0,353.71,753.29,1107,না,কৃষি,2025-06-11
29,গ্রাম-4,73,1.48,97.42,99.74,0.0,1107,না,অন্যান্য,2025-06-12
29,গ্রাম-5,73,28.24,1107.0,429.12,677.88,1107,না,কৃষি,2025-06-13
29,গ্রাম-3,73,0.76,50.08,86.45,0.0,1107,না,অন্যান্য,2025-06-14
29,গ্রাম-4,73,19.44,1107.0,154.46,952.54,1107,না,কৃষি,2025-06-15
29,গ্রাম-3,73,46.39,1107.0,374.28,732.72,1107,না,অন্যান্য,2025-06-16
29,গ্রাম-5,73,40.13,1107.0,430.76,676.24,1107,না,অন্যান্য,2025-06-17
29,গ্রাম-4,73,34.85,1107.0,383.65,723.35,1107,না,কৃষি,2025-06-18
29,গ্রাম-2,73,2.3,151.26,143.52,7.73,1107,না,অন্যান্য,2025-06-19
29,গ্রাম-1,73,35.23,1107.0,228.45,878.55,1107,না,স্যানিটেশন,2025-06-20
29,গ্রাম-1,73,38.33,1107.0,203.33,903.67,1107,না,কৃষি,2025-06-21
29,গ্রাম-4,73,23.92,1107.0,154.05,952.95,1107,না,স্যানিটেশন,2025-06-22
29,গ্রাম-5,73,10.04,659.5,467.3,192.21,1107,না,রান্না,2025-06-23
29,গ্রাম-3,73,0.56,36.62,83.74,0.0,1107,না,রান্না,2025-06-24
29,গ্রাম-2,73,28.13,1107.0,113.61,993.39,1107,না,স্যানিটেশন,2025-06-25
29,গ্রাম-5,73,41.47,1107.0,105.46,1001.54,1107,না,স্যানিটেশন,2025-06-26
29,গ্রাম-1,73,42.25,1107.0,385.5,721.5,1107,না,কৃষি,2025-06-27
29,গ্রাম-2,73,46.55,1107.0,245.53,861.47,1107,না,কৃষি,2025-06-28
29,গ্রাম-4,73,28.4,1107.0,228.16,878.84,1107,না,রান্না,2025-06-29
29,গ্রাম-4,73,14.63,960.95,472.84,488.11,1107,না,অন্যান্য,2025-06-30
30,গ্রাম-3,47,39.7,1248.0,465.87,782.13,1248,না,রান্না,2025-06-01
30,গ্রাম-3,47,16.5,697.86,130.59,567.27,1248,না,রান্না,2025-06-02
30,গ্রাম-4,47,0.81,34.2,82.64,0.0,1248,না,রান্না,2025-06-03
30,গ্রাম-2,47,19.61,829.33,467.7,361.62,1248,না,অন্যান্য,2025-06-04
30,গ্রাম-2,47,24.99,1057.01,336.63,720.38,1248,না,রান্না,2025-06-05
30,গ্রাম-1,47,25.06,1059.98,420.29,639.68,1248,না,রান্না,2025-06-06
30,গ্রাম-5,47,38.37,1248.0,384.59,863.41,1248,না,কৃষি,2025-06-07
30,গ্রাম-5,47,13.16,556.52,357.44,199.08,1248,না,স্যানিটেশন,2025-06-08
30,গ্রাম-2,47,30.04,1248.0,268.2,979.8,1248,না,কৃষি,2025-06-09
30,গ্রাম-1,47,37.53,1248.0,369.63,878.37,1248,না,রান্না,2025-06-10
30,গ্রাম-1,47,39.39,1248.0,482.65,765.35,1248,না,অন্যান্য,2025-06-11
30,গ্রাম-5,47,8.72,368.97,323.58,45.39,1248,না,রান্না,2025-06-12
30,গ্রাম-4,47,26.79,1133.34,143.65,989.69,1248,না,অন্যান্য,2025-06-13
30,গ্রাম-2,47,8.13,344.01,104.09,239.92,1248,না,কৃষি,2025-06-14
30,গ্রাম-1,47,44.17,1248.0,249.13,998.87,1248,না,রান্না,2025-06-15
30,গ্রাম-3,47,35.74,1248.0,155.9,1092.1,1248,না,স্যানিটেশন,2025-06-16
30,গ্রাম-2,47,31.21,1248.0,371.2,876.8,1248,না,স্যানিটেশন,2025-06-17
30,গ্রাম-1,47,24.58,1039.74,388.24,651.49,1248,না,রান্না,2025-06-18
30,গ্রাম-1,47,19.26,814.8,410.68,404.12,1248,না,স্যানিটেশন,2025-06-19
30,গ্রাম-4,47,36.44,1248.0,265.12,982.88,1248,না,রান্না,2025-06-20
30,গ্রাম-1,47,5.88,248.75,118.78,129.96,1248,না,কৃষি,2025-06-21
30,গ্রাম-1,47,27.59,1166.88,167.61,999.27,1248,না,রান্না,2025-06-22
30,গ্রাম-5,47,20.03,847.37,385.53,461.84,1248,না,রান্না,2025-06-23
30,গ্রাম-4,47,16.44,695.29,126.83,568.46,1248,না,রান্না,2025-06-24
30,গ্রাম-2,47,16.9,715.01,375.76,339.25,1248,না,কৃষি,2025-06-25
30,গ্রাম-2,47,11.68,494.22,390.43,103.79,1248,না,রান্না,2025-06-26
30,গ্রাম-5,47,25.31,1070.56,475.25,595.31,1248,না,রান্না,2025-06-27
30,গ্রাম-4,47,47.64,1248.0,338.96,909.04,1248,না,স্যানিটেশন,2025-06-28
30,গ্রাম-3,47,17.98,760.38,285.1,475.28,1248,না,স্যানিটেশন,2025-06-29
30,গ্রাম-2,47,7.93,335.43,126.08,209.35,1248,না,অন্যান্য,2025-06-30
